label,case,toy,variant,group,baseline_group,nabm_group,seed,primary_metric,metric_value,direction,ceiling_metric,ceiling_value,ceiling_tolerance,ceiling_metric_value,ceiling_gap,final_within_ceiling,ever_reached_ceiling,time_to_ceiling,ever_ceiling_final_miss,late_flip_count_after_first_ceiling,late_flip_rate_after_first_ceiling,terminal_window_size,terminal_window_ceiling_rate,terminal_window_mean_ceiling_metric,precommitment_first_ready_epoch,precommitment_all_ready_epoch,precommitment_first_forced_epoch,precommitment_ready_to_forced_delay_mean,precommitment_premature_exit_count,precommitment_high_policy_rate,precommitment_direction_score_mean,precommitment_direction_score_positive_rate,precommitment_direction_ok_rate,precommitment_ready_largest_component_fraction,precommitment_peer_evidence_enabled,precommitment_peer_evidence_weight,precommitment_peer_readiness_mean,precommitment_peer_readiness_active_rate,precommitment_peer_evidence_increment_mean,config_path,run_dir,nabm_status,neural_role,social_channels,reference_policies
toy5_neural_threshold_target_structural_robustness_quick,toy5_threshold_target_no_seed_heterogeneous_safety,toy5,neural_threshold_target_no_seed_heterogeneous_output_average,baseline,baseline,directional_threshold_target_robust,1,domain_non_adoption_rate,1.0,maximize,domain_non_adoption_rate,0.95,0.0,1.0,0.0,True,True,0,False,0.0,0.0,5,1.0,1.0,,,,,0,0.0,0.0,0.0,0.0,0.0,False,0.0,0.0,0.0,0.0,experiments/configs/generated/evidence_matrix/toy5_neural_threshold_target_structural_robustness_quick/toy5_threshold_target_no_seed_heterogeneous_safety_neural_threshold_target_no_seed_heterogeneous_output_average_seed01.yaml,experiments/runs/20260520_210902_039754_toy5_neural_threshold_target_structural_robustness_quick_toy5_threshold_target_no_seed_heterogeneous_safety_neural_threshold_target_no_seed_heterogeneous_output_average_seed01,full,Neural adoption policy learning and social distillation are the primary path.,"adoption_probability, policy_distribution, reputation, exposure_state","simple_contagion, complex_threshold, reputation_imitation"
toy5_neural_threshold_target_structural_robustness_quick,toy5_threshold_target_no_seed_heterogeneous_safety,toy5,neural_threshold_target_no_seed_heterogeneous_output_average,baseline,baseline,directional_threshold_target_robust,2,domain_non_adoption_rate,1.0,maximize,domain_non_adoption_rate,0.95,0.0,1.0,0.0,True,True,0,False,0.0,0.0,5,1.0,1.0,,,,,0,0.0,0.0,0.0,0.0,0.0,False,0.0,0.0,0.0,0.0,experiments/configs/generated/evidence_matrix/toy5_neural_threshold_target_structural_robustness_quick/toy5_threshold_target_no_seed_heterogeneous_safety_neural_threshold_target_no_seed_heterogeneous_output_average_seed02.yaml,experiments/runs/20260520_210904_440681_toy5_neural_threshold_target_structural_robustness_quick_toy5_threshold_target_no_seed_heterogeneous_safety_neural_threshold_target_no_seed_heterogeneous_output_average_seed02,full,Neural adoption policy learning and social distillation are the primary path.,"adoption_probability, policy_distribution, reputation, exposure_state","simple_contagion, complex_threshold, reputation_imitation"
toy5_neural_threshold_target_structural_robustness_quick,toy5_threshold_target_no_seed_heterogeneous_safety,toy5,neural_threshold_target_no_seed_heterogeneous_output_average,baseline,baseline,directional_threshold_target_robust,3,domain_non_adoption_rate,1.0,maximize,domain_non_adoption_rate,0.95,0.0,1.0,0.0,True,True,0,False,0.0,0.0,5,1.0,1.0,,,,,0,0.0,0.0,0.0,0.0,0.0,False,0.0,0.0,0.0,0.0,experiments/configs/generated/evidence_matrix/toy5_neural_threshold_target_structural_robustness_quick/toy5_threshold_target_no_seed_heterogeneous_safety_neural_threshold_target_no_seed_heterogeneous_output_average_seed03.yaml,experiments/runs/20260520_210906_218664_toy5_neural_threshold_target_structural_robustness_quick_toy5_threshold_target_no_seed_heterogeneous_safety_neural_threshold_target_no_seed_heterogeneous_output_average_seed03,full,Neural adoption policy learning and social distillation are the primary path.,"adoption_probability, policy_distribution, reputation, exposure_state","simple_contagion, complex_threshold, reputation_imitation"
toy5_neural_threshold_target_structural_robustness_quick,toy5_threshold_target_no_seed_heterogeneous_safety,toy5,neural_threshold_target_no_seed_heterogeneous_output_average,baseline,baseline,directional_threshold_target_robust,4,domain_non_adoption_rate,1.0,maximize,domain_non_adoption_rate,0.95,0.0,1.0,0.0,True,True,0,False,0.0,0.0,5,1.0,1.0,,,,,0,0.0,0.0,0.0,0.0,0.0,False,0.0,0.0,0.0,0.0,experiments/configs/generated/evidence_matrix/toy5_neural_threshold_target_structural_robustness_quick/toy5_threshold_target_no_seed_heterogeneous_safety_neural_threshold_target_no_seed_heterogeneous_output_average_seed04.yaml,experiments/runs/20260520_210907_966765_toy5_neural_threshold_target_structural_robustness_quick_toy5_threshold_target_no_seed_heterogeneous_safety_neural_threshold_target_no_seed_heterogeneous_output_average_seed04,full,Neural adoption policy learning and social distillation are the primary path.,"adoption_probability, policy_distribution, reputation, exposure_state","simple_contagion, complex_threshold, reputation_imitation"
toy5_neural_threshold_target_structural_robustness_quick,toy5_threshold_target_no_seed_heterogeneous_safety,toy5,neural_threshold_target_no_seed_heterogeneous_output_average,baseline,baseline,directional_threshold_target_robust,5,domain_non_adoption_rate,1.0,maximize,domain_non_adoption_rate,0.95,0.0,1.0,0.0,True,True,0,False,0.0,0.0,5,1.0,1.0,,,,,0,0.0,0.0,0.0,0.0,0.0,False,0.0,0.0,0.0,0.0,experiments/configs/generated/evidence_matrix/toy5_neural_threshold_target_structural_robustness_quick/toy5_threshold_target_no_seed_heterogeneous_safety_neural_threshold_target_no_seed_heterogeneous_output_average_seed05.yaml,experiments/runs/20260520_210909_611362_toy5_neural_threshold_target_structural_robustness_quick_toy5_threshold_target_no_seed_heterogeneous_safety_neural_threshold_target_no_seed_heterogeneous_output_average_seed05,full,Neural adoption policy learning and social distillation are the primary path.,"adoption_probability, policy_distribution, reputation, exposure_state","simple_contagion, complex_threshold, reputation_imitation"
toy5_neural_threshold_target_structural_robustness_quick,toy5_threshold_target_no_seed_heterogeneous_safety,toy5,neural_threshold_target_no_seed_heterogeneous_non_directional,diagnostic,baseline,directional_threshold_target_robust,1,domain_non_adoption_rate,0.0,maximize,domain_non_adoption_rate,0.95,0.0,0.0,0.95,False,True,0,True,100.0,0.05,5,0.0,0.0,2,2,2,0.0,0,1.0,0.0,0.0,1.0,1.0,True,1.0,1.0,1.0,1.0,experiments/configs/generated/evidence_matrix/toy5_neural_threshold_target_structural_robustness_quick/toy5_threshold_target_no_seed_heterogeneous_safety_neural_threshold_target_no_seed_heterogeneous_non_directional_seed01.yaml,experiments/runs/20260520_210911_319301_toy5_neural_threshold_target_structural_robustness_quick_toy5_threshold_target_no_seed_heterogeneous_safety_neural_threshold_target_no_seed_heterogeneous_non_directional_seed01,full,Neural adoption policy learning and social distillation are the primary path.,"adoption_probability, policy_distribution, reputation, exposure_state","simple_contagion, complex_threshold, reputation_imitation"
toy5_neural_threshold_target_structural_robustness_quick,toy5_threshold_target_no_seed_heterogeneous_safety,toy5,neural_threshold_target_no_seed_heterogeneous_non_directional,diagnostic,baseline,directional_threshold_target_robust,2,domain_non_adoption_rate,0.0,maximize,domain_non_adoption_rate,0.95,0.0,0.0,0.95,False,True,0,True,100.0,0.05,5,0.0,0.0,2,2,2,0.0,0,1.0,0.0,0.0,1.0,1.0,True,1.0,1.0,1.0,1.0,experiments/configs/generated/evidence_matrix/toy5_neural_threshold_target_structural_robustness_quick/toy5_threshold_target_no_seed_heterogeneous_safety_neural_threshold_target_no_seed_heterogeneous_non_directional_seed02.yaml,experiments/runs/20260520_210913_147478_toy5_neural_threshold_target_structural_robustness_quick_toy5_threshold_target_no_seed_heterogeneous_safety_neural_threshold_target_no_seed_heterogeneous_non_directional_seed02,full,Neural adoption policy learning and social distillation are the primary path.,"adoption_probability, policy_distribution, reputation, exposure_state","simple_contagion, complex_threshold, reputation_imitation"
toy5_neural_threshold_target_structural_robustness_quick,toy5_threshold_target_no_seed_heterogeneous_safety,toy5,neural_threshold_target_no_seed_heterogeneous_non_directional,diagnostic,baseline,directional_threshold_target_robust,3,domain_non_adoption_rate,0.0,maximize,domain_non_adoption_rate,0.95,0.0,0.0,0.95,False,True,0,True,100.0,0.05,5,0.0,0.0,2,2,2,0.0,0,1.0,0.0,0.0,1.0,1.0,True,1.0,1.0,1.0,1.0,experiments/configs/generated/evidence_matrix/toy5_neural_threshold_target_structural_robustness_quick/toy5_threshold_target_no_seed_heterogeneous_safety_neural_threshold_target_no_seed_heterogeneous_non_directional_seed03.yaml,experiments/runs/20260520_210914_922330_toy5_neural_threshold_target_structural_robustness_quick_toy5_threshold_target_no_seed_heterogeneous_safety_neural_threshold_target_no_seed_heterogeneous_non_directional_seed03,full,Neural adoption policy learning and social distillation are the primary path.,"adoption_probability, policy_distribution, reputation, exposure_state","simple_contagion, complex_threshold, reputation_imitation"
toy5_neural_threshold_target_structural_robustness_quick,toy5_threshold_target_no_seed_heterogeneous_safety,toy5,neural_threshold_target_no_seed_heterogeneous_non_directional,diagnostic,baseline,directional_threshold_target_robust,4,domain_non_adoption_rate,0.0,maximize,domain_non_adoption_rate,0.95,0.0,0.0,0.95,False,True,0,True,100.0,0.05,5,0.0,0.0,2,2,2,0.0,0,1.0,0.0,0.0,1.0,1.0,True,1.0,1.0,1.0,1.0,experiments/configs/generated/evidence_matrix/toy5_neural_threshold_target_structural_robustness_quick/toy5_threshold_target_no_seed_heterogeneous_safety_neural_threshold_target_no_seed_heterogeneous_non_directional_seed04.yaml,experiments/runs/20260520_210916_720685_toy5_neural_threshold_target_structural_robustness_quick_toy5_threshold_target_no_seed_heterogeneous_safety_neural_threshold_target_no_seed_heterogeneous_non_directional_seed04,full,Neural adoption policy learning and social distillation are the primary path.,"adoption_probability, policy_distribution, reputation, exposure_state","simple_contagion, complex_threshold, reputation_imitation"
toy5_neural_threshold_target_structural_robustness_quick,toy5_threshold_target_no_seed_heterogeneous_safety,toy5,neural_threshold_target_no_seed_heterogeneous_non_directional,diagnostic,baseline,directional_threshold_target_robust,5,domain_non_adoption_rate,0.0,maximize,domain_non_adoption_rate,0.95,0.0,0.0,0.95,False,True,0,True,100.0,0.05,5,0.0,0.0,2,2,2,0.0,0,1.0,0.0,0.0,1.0,1.0,True,1.0,1.0,1.0,1.0,experiments/configs/generated/evidence_matrix/toy5_neural_threshold_target_structural_robustness_quick/toy5_threshold_target_no_seed_heterogeneous_safety_neural_threshold_target_no_seed_heterogeneous_non_directional_seed05.yaml,experiments/runs/20260520_210918_487085_toy5_neural_threshold_target_structural_robustness_quick_toy5_threshold_target_no_seed_heterogeneous_safety_neural_threshold_target_no_seed_heterogeneous_non_directional_seed05,full,Neural adoption policy learning and social distillation are the primary path.,"adoption_probability, policy_distribution, reputation, exposure_state","simple_contagion, complex_threshold, reputation_imitation"
toy5_neural_threshold_target_structural_robustness_quick,toy5_threshold_target_no_seed_heterogeneous_safety,toy5,neural_threshold_target_no_seed_heterogeneous_exposure_anchor,directional_threshold_target_robust,baseline,directional_threshold_target_robust,1,domain_non_adoption_rate,1.0,maximize,domain_non_adoption_rate,0.95,0.0,1.0,0.0,True,True,0,False,0.0,0.0,5,1.0,1.0,,,,,0,1.0,-1.0,0.0,0.0,0.0,True,1.0,0.0,0.0,0.0,experiments/configs/generated/evidence_matrix/toy5_neural_threshold_target_structural_robustness_quick/toy5_threshold_target_no_seed_heterogeneous_safety_neural_threshold_target_no_seed_heterogeneous_exposure_anchor_seed01.yaml,experiments/runs/20260520_210920_324984_toy5_neural_threshold_target_structural_robustness_quick_toy5_threshold_target_no_seed_heterogeneous_safety_neural_threshold_target_no_seed_heterogeneous_exposure_anchor_seed01,full,Neural adoption policy learning and social distillation are the primary path.,"adoption_probability, policy_distribution, reputation, exposure_state","simple_contagion, complex_threshold, reputation_imitation"
toy5_neural_threshold_target_structural_robustness_quick,toy5_threshold_target_no_seed_heterogeneous_safety,toy5,neural_threshold_target_no_seed_heterogeneous_exposure_anchor,directional_threshold_target_robust,baseline,directional_threshold_target_robust,2,domain_non_adoption_rate,1.0,maximize,domain_non_adoption_rate,0.95,0.0,1.0,0.0,True,True,0,False,0.0,0.0,5,1.0,1.0,,,,,0,1.0,-1.0,0.0,0.0,0.0,True,1.0,0.0,0.0,0.0,experiments/configs/generated/evidence_matrix/toy5_neural_threshold_target_structural_robustness_quick/toy5_threshold_target_no_seed_heterogeneous_safety_neural_threshold_target_no_seed_heterogeneous_exposure_anchor_seed02.yaml,experiments/runs/20260520_210922_146323_toy5_neural_threshold_target_structural_robustness_quick_toy5_threshold_target_no_seed_heterogeneous_safety_neural_threshold_target_no_seed_heterogeneous_exposure_anchor_seed02,full,Neural adoption policy learning and social distillation are the primary path.,"adoption_probability, policy_distribution, reputation, exposure_state","simple_contagion, complex_threshold, reputation_imitation"
toy5_neural_threshold_target_structural_robustness_quick,toy5_threshold_target_no_seed_heterogeneous_safety,toy5,neural_threshold_target_no_seed_heterogeneous_exposure_anchor,directional_threshold_target_robust,baseline,directional_threshold_target_robust,3,domain_non_adoption_rate,1.0,maximize,domain_non_adoption_rate,0.95,0.0,1.0,0.0,True,True,0,False,0.0,0.0,5,1.0,1.0,,,,,0,1.0,-1.0,0.0,0.0,0.0,True,1.0,0.0,0.0,0.0,experiments/configs/generated/evidence_matrix/toy5_neural_threshold_target_structural_robustness_quick/toy5_threshold_target_no_seed_heterogeneous_safety_neural_threshold_target_no_seed_heterogeneous_exposure_anchor_seed03.yaml,experiments/runs/20260520_210923_984826_toy5_neural_threshold_target_structural_robustness_quick_toy5_threshold_target_no_seed_heterogeneous_safety_neural_threshold_target_no_seed_heterogeneous_exposure_anchor_seed03,full,Neural adoption policy learning and social distillation are the primary path.,"adoption_probability, policy_distribution, reputation, exposure_state","simple_contagion, complex_threshold, reputation_imitation"
toy5_neural_threshold_target_structural_robustness_quick,toy5_threshold_target_no_seed_heterogeneous_safety,toy5,neural_threshold_target_no_seed_heterogeneous_exposure_anchor,directional_threshold_target_robust,baseline,directional_threshold_target_robust,4,domain_non_adoption_rate,1.0,maximize,domain_non_adoption_rate,0.95,0.0,1.0,0.0,True,True,0,False,0.0,0.0,5,1.0,1.0,,,,,0,1.0,-1.0,0.0,0.0,0.0,True,1.0,0.0,0.0,0.0,experiments/configs/generated/evidence_matrix/toy5_neural_threshold_target_structural_robustness_quick/toy5_threshold_target_no_seed_heterogeneous_safety_neural_threshold_target_no_seed_heterogeneous_exposure_anchor_seed04.yaml,experiments/runs/20260520_210925_836378_toy5_neural_threshold_target_structural_robustness_quick_toy5_threshold_target_no_seed_heterogeneous_safety_neural_threshold_target_no_seed_heterogeneous_exposure_anchor_seed04,full,Neural adoption policy learning and social distillation are the primary path.,"adoption_probability, policy_distribution, reputation, exposure_state","simple_contagion, complex_threshold, reputation_imitation"
toy5_neural_threshold_target_structural_robustness_quick,toy5_threshold_target_no_seed_heterogeneous_safety,toy5,neural_threshold_target_no_seed_heterogeneous_exposure_anchor,directional_threshold_target_robust,baseline,directional_threshold_target_robust,5,domain_non_adoption_rate,1.0,maximize,domain_non_adoption_rate,0.95,0.0,1.0,0.0,True,True,0,False,0.0,0.0,5,1.0,1.0,,,,,0,1.0,-1.0,0.0,0.0,0.0,True,1.0,0.0,0.0,0.0,experiments/configs/generated/evidence_matrix/toy5_neural_threshold_target_structural_robustness_quick/toy5_threshold_target_no_seed_heterogeneous_safety_neural_threshold_target_no_seed_heterogeneous_exposure_anchor_seed05.yaml,experiments/runs/20260520_210927_678186_toy5_neural_threshold_target_structural_robustness_quick_toy5_threshold_target_no_seed_heterogeneous_safety_neural_threshold_target_no_seed_heterogeneous_exposure_anchor_seed05,full,Neural adoption policy learning and social distillation are the primary path.,"adoption_probability, policy_distribution, reputation, exposure_state","simple_contagion, complex_threshold, reputation_imitation"
toy5_neural_threshold_target_structural_robustness_quick,toy5_threshold_target_random_seed_frontier_spread,toy5,neural_threshold_target_random_seed_frontier_output_average,baseline,baseline,directional_threshold_target_robust,1,domain_cascade_size,1.0,maximize,action_rate,0.95,0.0,0.01,0.94,False,False,,False,,,5,0.0,0.01,,,,,0,0.0,0.0,0.0,0.0,0.0,False,0.0,0.0,0.0,0.0,experiments/configs/generated/evidence_matrix/toy5_neural_threshold_target_structural_robustness_quick/toy5_threshold_target_random_seed_frontier_spread_neural_threshold_target_random_seed_frontier_output_average_seed01.yaml,experiments/runs/20260520_210929_404494_toy5_neural_threshold_target_structural_robustness_quick_toy5_threshold_target_random_seed_frontier_spread_neural_threshold_target_random_seed_frontier_output_average_seed01,full,Neural adoption policy learning and social distillation are the primary path.,"adoption_probability, policy_distribution, reputation, exposure_state","simple_contagion, complex_threshold, reputation_imitation"
toy5_neural_threshold_target_structural_robustness_quick,toy5_threshold_target_random_seed_frontier_spread,toy5,neural_threshold_target_random_seed_frontier_output_average,baseline,baseline,directional_threshold_target_robust,2,domain_cascade_size,1.0,maximize,action_rate,0.95,0.0,0.01,0.94,False,False,,False,,,5,0.0,0.01,,,,,0,0.0,0.0,0.0,0.0,0.0,False,0.0,0.0,0.0,0.0,experiments/configs/generated/evidence_matrix/toy5_neural_threshold_target_structural_robustness_quick/toy5_threshold_target_random_seed_frontier_spread_neural_threshold_target_random_seed_frontier_output_average_seed02.yaml,experiments/runs/20260520_210933_678118_toy5_neural_threshold_target_structural_robustness_quick_toy5_threshold_target_random_seed_frontier_spread_neural_threshold_target_random_seed_frontier_output_average_seed02,full,Neural adoption policy learning and social distillation are the primary path.,"adoption_probability, policy_distribution, reputation, exposure_state","simple_contagion, complex_threshold, reputation_imitation"
toy5_neural_threshold_target_structural_robustness_quick,toy5_threshold_target_random_seed_frontier_spread,toy5,neural_threshold_target_random_seed_frontier_output_average,baseline,baseline,directional_threshold_target_robust,3,domain_cascade_size,1.0,maximize,action_rate,0.95,0.0,0.01,0.94,False,False,,False,,,5,0.0,0.01,,,,,0,0.0,0.0,0.0,0.0,0.0,False,0.0,0.0,0.0,0.0,experiments/configs/generated/evidence_matrix/toy5_neural_threshold_target_structural_robustness_quick/toy5_threshold_target_random_seed_frontier_spread_neural_threshold_target_random_seed_frontier_output_average_seed03.yaml,experiments/runs/20260520_210937_834343_toy5_neural_threshold_target_structural_robustness_quick_toy5_threshold_target_random_seed_frontier_spread_neural_threshold_target_random_seed_frontier_output_average_seed03,full,Neural adoption policy learning and social distillation are the primary path.,"adoption_probability, policy_distribution, reputation, exposure_state","simple_contagion, complex_threshold, reputation_imitation"
toy5_neural_threshold_target_structural_robustness_quick,toy5_threshold_target_random_seed_frontier_spread,toy5,neural_threshold_target_random_seed_frontier_output_average,baseline,baseline,directional_threshold_target_robust,4,domain_cascade_size,1.0,maximize,action_rate,0.95,0.0,0.01,0.94,False,False,,False,,,5,0.0,0.01,,,,,0,0.0,0.0,0.0,0.0,0.0,False,0.0,0.0,0.0,0.0,experiments/configs/generated/evidence_matrix/toy5_neural_threshold_target_structural_robustness_quick/toy5_threshold_target_random_seed_frontier_spread_neural_threshold_target_random_seed_frontier_output_average_seed04.yaml,experiments/runs/20260520_210941_986543_toy5_neural_threshold_target_structural_robustness_quick_toy5_threshold_target_random_seed_frontier_spread_neural_threshold_target_random_seed_frontier_output_average_seed04,full,Neural adoption policy learning and social distillation are the primary path.,"adoption_probability, policy_distribution, reputation, exposure_state","simple_contagion, complex_threshold, reputation_imitation"
toy5_neural_threshold_target_structural_robustness_quick,toy5_threshold_target_random_seed_frontier_spread,toy5,neural_threshold_target_random_seed_frontier_output_average,baseline,baseline,directional_threshold_target_robust,5,domain_cascade_size,1.0,maximize,action_rate,0.95,0.0,0.01,0.94,False,False,,False,,,5,0.0,0.01,,,,,0,0.0,0.0,0.0,0.0,0.0,False,0.0,0.0,0.0,0.0,experiments/configs/generated/evidence_matrix/toy5_neural_threshold_target_structural_robustness_quick/toy5_threshold_target_random_seed_frontier_spread_neural_threshold_target_random_seed_frontier_output_average_seed05.yaml,experiments/runs/20260520_210946_150390_toy5_neural_threshold_target_structural_robustness_quick_toy5_threshold_target_random_seed_frontier_spread_neural_threshold_target_random_seed_frontier_output_average_seed05,full,Neural adoption policy learning and social distillation are the primary path.,"adoption_probability, policy_distribution, reputation, exposure_state","simple_contagion, complex_threshold, reputation_imitation"
toy5_neural_threshold_target_structural_robustness_quick,toy5_threshold_target_random_seed_frontier_spread,toy5,neural_threshold_target_random_seed_frontier_readiness_propagation,diagnostic,baseline,directional_threshold_target_robust,1,domain_cascade_size,100.0,maximize,action_rate,0.95,0.0,1.0,0.0,True,True,34,False,0.0,0.0,5,1.0,1.0,2,34,13,0.0,0,1.0,0.0,0.0,1.0,1.0,True,1.0,1.0,1.0,1.0,experiments/configs/generated/evidence_matrix/toy5_neural_threshold_target_structural_robustness_quick/toy5_threshold_target_random_seed_frontier_spread_neural_threshold_target_random_seed_frontier_readiness_propagation_seed01.yaml,experiments/runs/20260520_210950_493029_toy5_neural_threshold_target_structural_robustness_quick_toy5_threshold_target_random_seed_frontier_spread_neural_threshold_target_random_seed_frontier_readiness_propagation_seed01,full,Neural adoption policy learning and social distillation are the primary path.,"adoption_probability, policy_distribution, reputation, exposure_state","simple_contagion, complex_threshold, reputation_imitation"
toy5_neural_threshold_target_structural_robustness_quick,toy5_threshold_target_random_seed_frontier_spread,toy5,neural_threshold_target_random_seed_frontier_readiness_propagation,diagnostic,baseline,directional_threshold_target_robust,2,domain_cascade_size,100.0,maximize,action_rate,0.95,0.0,1.0,0.0,True,True,35,False,0.0,0.0,5,1.0,1.0,2,35,21,0.0,0,0.75,0.0,0.0,1.0,1.0,True,1.0,1.0,1.0,1.0,experiments/configs/generated/evidence_matrix/toy5_neural_threshold_target_structural_robustness_quick/toy5_threshold_target_random_seed_frontier_spread_neural_threshold_target_random_seed_frontier_readiness_propagation_seed02.yaml,experiments/runs/20260520_210954_911380_toy5_neural_threshold_target_structural_robustness_quick_toy5_threshold_target_random_seed_frontier_spread_neural_threshold_target_random_seed_frontier_readiness_propagation_seed02,full,Neural adoption policy learning and social distillation are the primary path.,"adoption_probability, policy_distribution, reputation, exposure_state","simple_contagion, complex_threshold, reputation_imitation"
toy5_neural_threshold_target_structural_robustness_quick,toy5_threshold_target_random_seed_frontier_spread,toy5,neural_threshold_target_random_seed_frontier_readiness_propagation,diagnostic,baseline,directional_threshold_target_robust,3,domain_cascade_size,100.0,maximize,action_rate,0.95,0.0,1.0,0.0,True,True,28,False,4.0,0.0018181818181818182,5,1.0,1.0,2,29,15,0.0,0,1.0,0.0,0.0,1.0,1.0,True,1.0,1.0,1.0,1.0,experiments/configs/generated/evidence_matrix/toy5_neural_threshold_target_structural_robustness_quick/toy5_threshold_target_random_seed_frontier_spread_neural_threshold_target_random_seed_frontier_readiness_propagation_seed03.yaml,experiments/runs/20260520_210959_319072_toy5_neural_threshold_target_structural_robustness_quick_toy5_threshold_target_random_seed_frontier_spread_neural_threshold_target_random_seed_frontier_readiness_propagation_seed03,full,Neural adoption policy learning and social distillation are the primary path.,"adoption_probability, policy_distribution, reputation, exposure_state","simple_contagion, complex_threshold, reputation_imitation"
toy5_neural_threshold_target_structural_robustness_quick,toy5_threshold_target_random_seed_frontier_spread,toy5,neural_threshold_target_random_seed_frontier_readiness_propagation,diagnostic,baseline,directional_threshold_target_robust,4,domain_cascade_size,100.0,maximize,action_rate,0.95,0.0,1.0,0.0,True,True,31,False,0.0,0.0,5,1.0,1.0,2,31,16,0.0,0,1.0,0.0,0.0,1.0,1.0,True,1.0,1.0,1.0,1.0,experiments/configs/generated/evidence_matrix/toy5_neural_threshold_target_structural_robustness_quick/toy5_threshold_target_random_seed_frontier_spread_neural_threshold_target_random_seed_frontier_readiness_propagation_seed04.yaml,experiments/runs/20260520_211003_793155_toy5_neural_threshold_target_structural_robustness_quick_toy5_threshold_target_random_seed_frontier_spread_neural_threshold_target_random_seed_frontier_readiness_propagation_seed04,full,Neural adoption policy learning and social distillation are the primary path.,"adoption_probability, policy_distribution, reputation, exposure_state","simple_contagion, complex_threshold, reputation_imitation"
toy5_neural_threshold_target_structural_robustness_quick,toy5_threshold_target_random_seed_frontier_spread,toy5,neural_threshold_target_random_seed_frontier_readiness_propagation,diagnostic,baseline,directional_threshold_target_robust,5,domain_cascade_size,100.0,maximize,action_rate,0.95,0.0,1.0,0.0,True,True,35,False,0.0,0.0,5,1.0,1.0,2,35,13,0.0,0,1.0,0.0,0.0,1.0,1.0,True,1.0,1.0,1.0,1.0,experiments/configs/generated/evidence_matrix/toy5_neural_threshold_target_structural_robustness_quick/toy5_threshold_target_random_seed_frontier_spread_neural_threshold_target_random_seed_frontier_readiness_propagation_seed05.yaml,experiments/runs/20260520_211008_277193_toy5_neural_threshold_target_structural_robustness_quick_toy5_threshold_target_random_seed_frontier_spread_neural_threshold_target_random_seed_frontier_readiness_propagation_seed05,full,Neural adoption policy learning and social distillation are the primary path.,"adoption_probability, policy_distribution, reputation, exposure_state","simple_contagion, complex_threshold, reputation_imitation"
toy5_neural_threshold_target_structural_robustness_quick,toy5_threshold_target_random_seed_frontier_spread,toy5,neural_threshold_target_random_seed_frontier_exposure_anchor,directional_threshold_target_robust,baseline,directional_threshold_target_robust,1,domain_cascade_size,100.0,maximize,action_rate,0.95,0.0,1.0,0.0,True,True,34,False,0.0,0.0,5,1.0,1.0,2,34,13,0.0,0,1.0,3.0,1.0,1.0,1.0,True,1.0,1.0,1.0,1.0,experiments/configs/generated/evidence_matrix/toy5_neural_threshold_target_structural_robustness_quick/toy5_threshold_target_random_seed_frontier_spread_neural_threshold_target_random_seed_frontier_exposure_anchor_seed01.yaml,experiments/runs/20260520_211012_656462_toy5_neural_threshold_target_structural_robustness_quick_toy5_threshold_target_random_seed_frontier_spread_neural_threshold_target_random_seed_frontier_exposure_anchor_seed01,full,Neural adoption policy learning and social distillation are the primary path.,"adoption_probability, policy_distribution, reputation, exposure_state","simple_contagion, complex_threshold, reputation_imitation"
toy5_neural_threshold_target_structural_robustness_quick,toy5_threshold_target_random_seed_frontier_spread,toy5,neural_threshold_target_random_seed_frontier_exposure_anchor,directional_threshold_target_robust,baseline,directional_threshold_target_robust,2,domain_cascade_size,100.0,maximize,action_rate,0.95,0.0,1.0,0.0,True,True,35,False,0.0,0.0,5,1.0,1.0,2,35,21,0.0,0,0.75,3.0,1.0,1.0,1.0,True,1.0,1.0,1.0,1.0,experiments/configs/generated/evidence_matrix/toy5_neural_threshold_target_structural_robustness_quick/toy5_threshold_target_random_seed_frontier_spread_neural_threshold_target_random_seed_frontier_exposure_anchor_seed02.yaml,experiments/runs/20260520_211017_058929_toy5_neural_threshold_target_structural_robustness_quick_toy5_threshold_target_random_seed_frontier_spread_neural_threshold_target_random_seed_frontier_exposure_anchor_seed02,full,Neural adoption policy learning and social distillation are the primary path.,"adoption_probability, policy_distribution, reputation, exposure_state","simple_contagion, complex_threshold, reputation_imitation"
toy5_neural_threshold_target_structural_robustness_quick,toy5_threshold_target_random_seed_frontier_spread,toy5,neural_threshold_target_random_seed_frontier_exposure_anchor,directional_threshold_target_robust,baseline,directional_threshold_target_robust,3,domain_cascade_size,100.0,maximize,action_rate,0.95,0.0,1.0,0.0,True,True,28,False,4.0,0.0018181818181818182,5,1.0,1.0,2,29,15,0.0,0,1.0,3.0,1.0,1.0,1.0,True,1.0,1.0,1.0,1.0,experiments/configs/generated/evidence_matrix/toy5_neural_threshold_target_structural_robustness_quick/toy5_threshold_target_random_seed_frontier_spread_neural_threshold_target_random_seed_frontier_exposure_anchor_seed03.yaml,experiments/runs/20260520_211021_545768_toy5_neural_threshold_target_structural_robustness_quick_toy5_threshold_target_random_seed_frontier_spread_neural_threshold_target_random_seed_frontier_exposure_anchor_seed03,full,Neural adoption policy learning and social distillation are the primary path.,"adoption_probability, policy_distribution, reputation, exposure_state","simple_contagion, complex_threshold, reputation_imitation"
toy5_neural_threshold_target_structural_robustness_quick,toy5_threshold_target_random_seed_frontier_spread,toy5,neural_threshold_target_random_seed_frontier_exposure_anchor,directional_threshold_target_robust,baseline,directional_threshold_target_robust,4,domain_cascade_size,100.0,maximize,action_rate,0.95,0.0,1.0,0.0,True,True,31,False,0.0,0.0,5,1.0,1.0,2,31,16,0.0,0,1.0,3.0,1.0,1.0,1.0,True,1.0,1.0,1.0,1.0,experiments/configs/generated/evidence_matrix/toy5_neural_threshold_target_structural_robustness_quick/toy5_threshold_target_random_seed_frontier_spread_neural_threshold_target_random_seed_frontier_exposure_anchor_seed04.yaml,experiments/runs/20260520_211026_098757_toy5_neural_threshold_target_structural_robustness_quick_toy5_threshold_target_random_seed_frontier_spread_neural_threshold_target_random_seed_frontier_exposure_anchor_seed04,full,Neural adoption policy learning and social distillation are the primary path.,"adoption_probability, policy_distribution, reputation, exposure_state","simple_contagion, complex_threshold, reputation_imitation"
toy5_neural_threshold_target_structural_robustness_quick,toy5_threshold_target_random_seed_frontier_spread,toy5,neural_threshold_target_random_seed_frontier_exposure_anchor,directional_threshold_target_robust,baseline,directional_threshold_target_robust,5,domain_cascade_size,100.0,maximize,action_rate,0.95,0.0,1.0,0.0,True,True,35,False,0.0,0.0,5,1.0,1.0,2,35,13,0.0,0,1.0,3.0,1.0,1.0,1.0,True,1.0,1.0,1.0,1.0,experiments/configs/generated/evidence_matrix/toy5_neural_threshold_target_structural_robustness_quick/toy5_threshold_target_random_seed_frontier_spread_neural_threshold_target_random_seed_frontier_exposure_anchor_seed05.yaml,experiments/runs/20260520_211030_585946_toy5_neural_threshold_target_structural_robustness_quick_toy5_threshold_target_random_seed_frontier_spread_neural_threshold_target_random_seed_frontier_exposure_anchor_seed05,full,Neural adoption policy learning and social distillation are the primary path.,"adoption_probability, policy_distribution, reputation, exposure_state","simple_contagion, complex_threshold, reputation_imitation"
toy5_neural_threshold_target_structural_robustness_quick,toy5_threshold_target_heterogeneous_frontier_spread,toy5,neural_threshold_target_heterogeneous_frontier_output_average,baseline,baseline,directional_threshold_target_robust,1,domain_cascade_size,1.0,maximize,action_rate,0.95,0.0,0.01,0.94,False,False,,False,,,5,0.0,0.01,,,,,0,0.0,0.0,0.0,0.0,0.0,False,0.0,0.0,0.0,0.0,experiments/configs/generated/evidence_matrix/toy5_neural_threshold_target_structural_robustness_quick/toy5_threshold_target_heterogeneous_frontier_spread_neural_threshold_target_heterogeneous_frontier_output_average_seed01.yaml,experiments/runs/20260520_211035_133867_toy5_neural_threshold_target_structural_robustness_quick_toy5_threshold_target_heterogeneous_frontier_spread_neural_threshold_target_heterogeneous_frontier_output_average_seed01,full,Neural adoption policy learning and social distillation are the primary path.,"adoption_probability, policy_distribution, reputation, exposure_state","simple_contagion, complex_threshold, reputation_imitation"
toy5_neural_threshold_target_structural_robustness_quick,toy5_threshold_target_heterogeneous_frontier_spread,toy5,neural_threshold_target_heterogeneous_frontier_output_average,baseline,baseline,directional_threshold_target_robust,2,domain_cascade_size,1.0,maximize,action_rate,0.95,0.0,0.01,0.94,False,False,,False,,,5,0.0,0.01,,,,,0,0.0,0.0,0.0,0.0,0.0,False,0.0,0.0,0.0,0.0,experiments/configs/generated/evidence_matrix/toy5_neural_threshold_target_structural_robustness_quick/toy5_threshold_target_heterogeneous_frontier_spread_neural_threshold_target_heterogeneous_frontier_output_average_seed02.yaml,experiments/runs/20260520_211039_389859_toy5_neural_threshold_target_structural_robustness_quick_toy5_threshold_target_heterogeneous_frontier_spread_neural_threshold_target_heterogeneous_frontier_output_average_seed02,full,Neural adoption policy learning and social distillation are the primary path.,"adoption_probability, policy_distribution, reputation, exposure_state","simple_contagion, complex_threshold, reputation_imitation"
toy5_neural_threshold_target_structural_robustness_quick,toy5_threshold_target_heterogeneous_frontier_spread,toy5,neural_threshold_target_heterogeneous_frontier_output_average,baseline,baseline,directional_threshold_target_robust,3,domain_cascade_size,1.0,maximize,action_rate,0.95,0.0,0.01,0.94,False,False,,False,,,5,0.0,0.01,,,,,0,0.0,0.0,0.0,0.0,0.0,False,0.0,0.0,0.0,0.0,experiments/configs/generated/evidence_matrix/toy5_neural_threshold_target_structural_robustness_quick/toy5_threshold_target_heterogeneous_frontier_spread_neural_threshold_target_heterogeneous_frontier_output_average_seed03.yaml,experiments/runs/20260520_211043_655640_toy5_neural_threshold_target_structural_robustness_quick_toy5_threshold_target_heterogeneous_frontier_spread_neural_threshold_target_heterogeneous_frontier_output_average_seed03,full,Neural adoption policy learning and social distillation are the primary path.,"adoption_probability, policy_distribution, reputation, exposure_state","simple_contagion, complex_threshold, reputation_imitation"
toy5_neural_threshold_target_structural_robustness_quick,toy5_threshold_target_heterogeneous_frontier_spread,toy5,neural_threshold_target_heterogeneous_frontier_output_average,baseline,baseline,directional_threshold_target_robust,4,domain_cascade_size,1.0,maximize,action_rate,0.95,0.0,0.01,0.94,False,False,,False,,,5,0.0,0.01,,,,,0,0.0,0.0,0.0,0.0,0.0,False,0.0,0.0,0.0,0.0,experiments/configs/generated/evidence_matrix/toy5_neural_threshold_target_structural_robustness_quick/toy5_threshold_target_heterogeneous_frontier_spread_neural_threshold_target_heterogeneous_frontier_output_average_seed04.yaml,experiments/runs/20260520_211047_913574_toy5_neural_threshold_target_structural_robustness_quick_toy5_threshold_target_heterogeneous_frontier_spread_neural_threshold_target_heterogeneous_frontier_output_average_seed04,full,Neural adoption policy learning and social distillation are the primary path.,"adoption_probability, policy_distribution, reputation, exposure_state","simple_contagion, complex_threshold, reputation_imitation"
toy5_neural_threshold_target_structural_robustness_quick,toy5_threshold_target_heterogeneous_frontier_spread,toy5,neural_threshold_target_heterogeneous_frontier_output_average,baseline,baseline,directional_threshold_target_robust,5,domain_cascade_size,1.0,maximize,action_rate,0.95,0.0,0.01,0.94,False,False,,False,,,5,0.0,0.01,,,,,0,0.0,0.0,0.0,0.0,0.0,False,0.0,0.0,0.0,0.0,experiments/configs/generated/evidence_matrix/toy5_neural_threshold_target_structural_robustness_quick/toy5_threshold_target_heterogeneous_frontier_spread_neural_threshold_target_heterogeneous_frontier_output_average_seed05.yaml,experiments/runs/20260520_211052_260273_toy5_neural_threshold_target_structural_robustness_quick_toy5_threshold_target_heterogeneous_frontier_spread_neural_threshold_target_heterogeneous_frontier_output_average_seed05,full,Neural adoption policy learning and social distillation are the primary path.,"adoption_probability, policy_distribution, reputation, exposure_state","simple_contagion, complex_threshold, reputation_imitation"
toy5_neural_threshold_target_structural_robustness_quick,toy5_threshold_target_heterogeneous_frontier_spread,toy5,neural_threshold_target_heterogeneous_frontier_readiness_propagation,diagnostic,baseline,directional_threshold_target_robust,1,domain_cascade_size,100.0,maximize,action_rate,0.95,0.0,1.0,0.0,True,True,32,False,0.0,0.0,5,1.0,1.0,2,32,18,0.0,0,1.0,0.0,0.0,1.0,1.0,True,1.0,1.0,1.0,1.0,experiments/configs/generated/evidence_matrix/toy5_neural_threshold_target_structural_robustness_quick/toy5_threshold_target_heterogeneous_frontier_spread_neural_threshold_target_heterogeneous_frontier_readiness_propagation_seed01.yaml,experiments/runs/20260520_211056_483352_toy5_neural_threshold_target_structural_robustness_quick_toy5_threshold_target_heterogeneous_frontier_spread_neural_threshold_target_heterogeneous_frontier_readiness_propagation_seed01,full,Neural adoption policy learning and social distillation are the primary path.,"adoption_probability, policy_distribution, reputation, exposure_state","simple_contagion, complex_threshold, reputation_imitation"
toy5_neural_threshold_target_structural_robustness_quick,toy5_threshold_target_heterogeneous_frontier_spread,toy5,neural_threshold_target_heterogeneous_frontier_readiness_propagation,diagnostic,baseline,directional_threshold_target_robust,2,domain_cascade_size,100.0,maximize,action_rate,0.95,0.0,1.0,0.0,True,True,29,False,3.0,0.0014285714285714286,5,1.0,1.0,2,30,18,0.0,0,0.81,0.0,0.0,1.0,1.0,True,1.0,1.0,1.0,1.0,experiments/configs/generated/evidence_matrix/toy5_neural_threshold_target_structural_robustness_quick/toy5_threshold_target_heterogeneous_frontier_spread_neural_threshold_target_heterogeneous_frontier_readiness_propagation_seed02.yaml,experiments/runs/20260520_211100_809344_toy5_neural_threshold_target_structural_robustness_quick_toy5_threshold_target_heterogeneous_frontier_spread_neural_threshold_target_heterogeneous_frontier_readiness_propagation_seed02,full,Neural adoption policy learning and social distillation are the primary path.,"adoption_probability, policy_distribution, reputation, exposure_state","simple_contagion, complex_threshold, reputation_imitation"
toy5_neural_threshold_target_structural_robustness_quick,toy5_threshold_target_heterogeneous_frontier_spread,toy5,neural_threshold_target_heterogeneous_frontier_readiness_propagation,diagnostic,baseline,directional_threshold_target_robust,3,domain_cascade_size,100.0,maximize,action_rate,0.95,0.0,1.0,0.0,True,True,34,False,1.0,0.000625,5,1.0,1.0,2,35,15,0.0,0,1.0,0.0,0.0,1.0,1.0,True,1.0,1.0,1.0,1.0,experiments/configs/generated/evidence_matrix/toy5_neural_threshold_target_structural_robustness_quick/toy5_threshold_target_heterogeneous_frontier_spread_neural_threshold_target_heterogeneous_frontier_readiness_propagation_seed03.yaml,experiments/runs/20260520_211105_358256_toy5_neural_threshold_target_structural_robustness_quick_toy5_threshold_target_heterogeneous_frontier_spread_neural_threshold_target_heterogeneous_frontier_readiness_propagation_seed03,full,Neural adoption policy learning and social distillation are the primary path.,"adoption_probability, policy_distribution, reputation, exposure_state","simple_contagion, complex_threshold, reputation_imitation"
toy5_neural_threshold_target_structural_robustness_quick,toy5_threshold_target_heterogeneous_frontier_spread,toy5,neural_threshold_target_heterogeneous_frontier_readiness_propagation,diagnostic,baseline,directional_threshold_target_robust,4,domain_cascade_size,100.0,maximize,action_rate,0.95,0.0,1.0,0.0,True,True,30,False,0.0,0.0,5,1.0,1.0,2,30,13,0.0,0,1.0,0.0,0.0,1.0,1.0,True,1.0,1.0,1.0,1.0,experiments/configs/generated/evidence_matrix/toy5_neural_threshold_target_structural_robustness_quick/toy5_threshold_target_heterogeneous_frontier_spread_neural_threshold_target_heterogeneous_frontier_readiness_propagation_seed04.yaml,experiments/runs/20260520_211109_737115_toy5_neural_threshold_target_structural_robustness_quick_toy5_threshold_target_heterogeneous_frontier_spread_neural_threshold_target_heterogeneous_frontier_readiness_propagation_seed04,full,Neural adoption policy learning and social distillation are the primary path.,"adoption_probability, policy_distribution, reputation, exposure_state","simple_contagion, complex_threshold, reputation_imitation"
toy5_neural_threshold_target_structural_robustness_quick,toy5_threshold_target_heterogeneous_frontier_spread,toy5,neural_threshold_target_heterogeneous_frontier_readiness_propagation,diagnostic,baseline,directional_threshold_target_robust,5,domain_cascade_size,100.0,maximize,action_rate,0.95,0.0,1.0,0.0,True,True,30,False,0.0,0.0,5,1.0,1.0,2,30,15,0.0,0,1.0,0.0,0.0,1.0,1.0,True,1.0,1.0,1.0,1.0,experiments/configs/generated/evidence_matrix/toy5_neural_threshold_target_structural_robustness_quick/toy5_threshold_target_heterogeneous_frontier_spread_neural_threshold_target_heterogeneous_frontier_readiness_propagation_seed05.yaml,experiments/runs/20260520_211114_122340_toy5_neural_threshold_target_structural_robustness_quick_toy5_threshold_target_heterogeneous_frontier_spread_neural_threshold_target_heterogeneous_frontier_readiness_propagation_seed05,full,Neural adoption policy learning and social distillation are the primary path.,"adoption_probability, policy_distribution, reputation, exposure_state","simple_contagion, complex_threshold, reputation_imitation"
toy5_neural_threshold_target_structural_robustness_quick,toy5_threshold_target_heterogeneous_frontier_spread,toy5,neural_threshold_target_heterogeneous_frontier_exposure_anchor,directional_threshold_target_robust,baseline,directional_threshold_target_robust,1,domain_cascade_size,100.0,maximize,action_rate,0.95,0.0,1.0,0.0,True,True,32,False,0.0,0.0,5,1.0,1.0,2,32,18,0.0,0,1.0,3.0,1.0,1.0,1.0,True,1.0,1.0,1.0,1.0,experiments/configs/generated/evidence_matrix/toy5_neural_threshold_target_structural_robustness_quick/toy5_threshold_target_heterogeneous_frontier_spread_neural_threshold_target_heterogeneous_frontier_exposure_anchor_seed01.yaml,experiments/runs/20260520_211118_583752_toy5_neural_threshold_target_structural_robustness_quick_toy5_threshold_target_heterogeneous_frontier_spread_neural_threshold_target_heterogeneous_frontier_exposure_anchor_seed01,full,Neural adoption policy learning and social distillation are the primary path.,"adoption_probability, policy_distribution, reputation, exposure_state","simple_contagion, complex_threshold, reputation_imitation"
toy5_neural_threshold_target_structural_robustness_quick,toy5_threshold_target_heterogeneous_frontier_spread,toy5,neural_threshold_target_heterogeneous_frontier_exposure_anchor,directional_threshold_target_robust,baseline,directional_threshold_target_robust,2,domain_cascade_size,100.0,maximize,action_rate,0.95,0.0,1.0,0.0,True,True,29,False,3.0,0.0014285714285714286,5,1.0,1.0,2,30,18,0.0,0,0.81,3.0,1.0,1.0,1.0,True,1.0,1.0,1.0,1.0,experiments/configs/generated/evidence_matrix/toy5_neural_threshold_target_structural_robustness_quick/toy5_threshold_target_heterogeneous_frontier_spread_neural_threshold_target_heterogeneous_frontier_exposure_anchor_seed02.yaml,experiments/runs/20260520_211123_055350_toy5_neural_threshold_target_structural_robustness_quick_toy5_threshold_target_heterogeneous_frontier_spread_neural_threshold_target_heterogeneous_frontier_exposure_anchor_seed02,full,Neural adoption policy learning and social distillation are the primary path.,"adoption_probability, policy_distribution, reputation, exposure_state","simple_contagion, complex_threshold, reputation_imitation"
toy5_neural_threshold_target_structural_robustness_quick,toy5_threshold_target_heterogeneous_frontier_spread,toy5,neural_threshold_target_heterogeneous_frontier_exposure_anchor,directional_threshold_target_robust,baseline,directional_threshold_target_robust,3,domain_cascade_size,100.0,maximize,action_rate,0.95,0.0,1.0,0.0,True,True,34,False,1.0,0.000625,5,1.0,1.0,2,35,15,0.0,0,1.0,3.0,1.0,1.0,1.0,True,1.0,1.0,1.0,1.0,experiments/configs/generated/evidence_matrix/toy5_neural_threshold_target_structural_robustness_quick/toy5_threshold_target_heterogeneous_frontier_spread_neural_threshold_target_heterogeneous_frontier_exposure_anchor_seed03.yaml,experiments/runs/20260520_211127_551877_toy5_neural_threshold_target_structural_robustness_quick_toy5_threshold_target_heterogeneous_frontier_spread_neural_threshold_target_heterogeneous_frontier_exposure_anchor_seed03,full,Neural adoption policy learning and social distillation are the primary path.,"adoption_probability, policy_distribution, reputation, exposure_state","simple_contagion, complex_threshold, reputation_imitation"
toy5_neural_threshold_target_structural_robustness_quick,toy5_threshold_target_heterogeneous_frontier_spread,toy5,neural_threshold_target_heterogeneous_frontier_exposure_anchor,directional_threshold_target_robust,baseline,directional_threshold_target_robust,4,domain_cascade_size,100.0,maximize,action_rate,0.95,0.0,1.0,0.0,True,True,30,False,0.0,0.0,5,1.0,1.0,2,30,13,0.0,0,1.0,3.0,1.0,1.0,1.0,True,1.0,1.0,1.0,1.0,experiments/configs/generated/evidence_matrix/toy5_neural_threshold_target_structural_robustness_quick/toy5_threshold_target_heterogeneous_frontier_spread_neural_threshold_target_heterogeneous_frontier_exposure_anchor_seed04.yaml,experiments/runs/20260520_211132_147579_toy5_neural_threshold_target_structural_robustness_quick_toy5_threshold_target_heterogeneous_frontier_spread_neural_threshold_target_heterogeneous_frontier_exposure_anchor_seed04,full,Neural adoption policy learning and social distillation are the primary path.,"adoption_probability, policy_distribution, reputation, exposure_state","simple_contagion, complex_threshold, reputation_imitation"
toy5_neural_threshold_target_structural_robustness_quick,toy5_threshold_target_heterogeneous_frontier_spread,toy5,neural_threshold_target_heterogeneous_frontier_exposure_anchor,directional_threshold_target_robust,baseline,directional_threshold_target_robust,5,domain_cascade_size,100.0,maximize,action_rate,0.95,0.0,1.0,0.0,True,True,30,False,0.0,0.0,5,1.0,1.0,2,30,15,0.0,0,1.0,3.0,1.0,1.0,1.0,True,1.0,1.0,1.0,1.0,experiments/configs/generated/evidence_matrix/toy5_neural_threshold_target_structural_robustness_quick/toy5_threshold_target_heterogeneous_frontier_spread_neural_threshold_target_heterogeneous_frontier_exposure_anchor_seed05.yaml,experiments/runs/20260520_211136_639608_toy5_neural_threshold_target_structural_robustness_quick_toy5_threshold_target_heterogeneous_frontier_spread_neural_threshold_target_heterogeneous_frontier_exposure_anchor_seed05,full,Neural adoption policy learning and social distillation are the primary path.,"adoption_probability, policy_distribution, reputation, exposure_state","simple_contagion, complex_threshold, reputation_imitation"
