label,recovery_rate,extraction_cost,dynamic_rewire_rate,initial_price_expectation_mean,initial_conservation_norm_mean,social_harvest_gain,social_disagreement_penalty,conservation_harvest_weight,coordination_mixer,coordination_peer_rule,alpha,coordination_threshold,seed,epochs,run_dir,domain_final_resource_fraction,domain_final_resource_level,domain_final_market_price,domain_final_market_imbalance,domain_final_mean_harvest_intensity,domain_final_mean_price_expectation,domain_final_mean_conservation_norm,domain_final_mean_payoff,domain_cumulative_rewired_edge_count,final_fragmentation_components
toy10_market_social_calibration_v2_seeds01_03,0.02,0.3,0.05,0.5,0.35,1.0,0.0,0.75,output_average,output_similarity,0.0,0.0,1,25,experiments/runs/20260511_191635_762187_toy10_market_social_calibration_v2_seeds01_03_r0p02_c0p3_rw0p05_p0p5_n0p35_sg1_sp0_cw0p75_output_average_output_similarity_a0_t0_seed01,0.31823467110269554,31.823467110269554,0.6911403604311833,0.30109682222157635,0.3623677972815805,0.6665818204643295,0.6219313979257057,-0.005329356049503522,132,1
toy10_market_social_calibration_v2_seeds01_03,0.02,0.3,0.05,0.5,0.35,1.0,0.0,0.75,output_average,output_similarity,0.0,0.0,2,25,experiments/runs/20260511_191635_868696_toy10_market_social_calibration_v2_seeds01_03_r0p02_c0p3_rw0p05_p0p5_n0p35_sg1_sp0_cw0p75_output_average_output_similarity_a0_t0_seed02,0.31718776891152767,31.718776891152768,0.6909259803686101,0.30002462173195815,0.3636546780105237,0.6667017420032916,0.6229920358990902,-0.005875813570262003,136,1
toy10_market_social_calibration_v2_seeds01_03,0.02,0.3,0.05,0.5,0.35,1.0,0.0,0.75,output_average,output_similarity,0.0,0.0,3,25,experiments/runs/20260511_191635_974940_toy10_market_social_calibration_v2_seeds01_03_r0p02_c0p3_rw0p05_p0p5_n0p35_sg1_sp0_cw0p75_output_average_output_similarity_a0_t0_seed03,0.318991022459425,31.8991022459425,0.6907943620669096,0.2995161522590733,0.36414514374949164,0.6666611542700375,0.6210179226413486,-0.005333097577273634,156,2
toy10_market_social_calibration_v2_seeds01_03,0.02,0.3,0.05,0.5,0.35,1.0,0.0,0.75,output_average,output_similarity,0.25,0.0,1,25,experiments/runs/20260511_191636_082504_toy10_market_social_calibration_v2_seeds01_03_r0p02_c0p3_rw0p05_p0p5_n0p35_sg1_sp0_cw0p75_output_average_output_similarity_a0p25_t0_seed01,0.31807223393959666,31.807223393959667,0.6912019118023902,0.30124855702800707,0.36231053315354683,0.6666680080548326,0.6221423663392178,-0.005369980130640186,132,1
toy10_market_social_calibration_v2_seeds01_03,0.02,0.3,0.05,0.5,0.35,1.0,0.0,0.75,output_average,output_similarity,0.25,0.0,2,25,experiments/runs/20260511_191636_226103_toy10_market_social_calibration_v2_seeds01_03_r0p02_c0p3_rw0p05_p0p5_n0p35_sg1_sp0_cw0p75_output_average_output_similarity_a0p25_t0_seed02,0.31711321342514365,31.711321342514367,0.6909382664845001,0.30007305126480066,0.36360696340839915,0.6667033218995521,0.6230861370054296,-0.005894133423320246,136,1
toy10_market_social_calibration_v2_seeds01_03,0.02,0.3,0.05,0.5,0.35,1.0,0.0,0.75,output_average,output_similarity,0.25,0.0,3,25,experiments/runs/20260511_191636_369794_toy10_market_social_calibration_v2_seeds01_03_r0p02_c0p3_rw0p05_p0p5_n0p35_sg1_sp0_cw0p75_output_average_output_similarity_a0p25_t0_seed03,0.31883837986590363,31.88383798659036,0.6907250438121912,0.299101334751053,0.36469750574665855,0.6667546519200337,0.6212445715104935,-0.0054572293687151375,158,1
toy10_market_social_calibration_v2_seeds01_03,0.02,0.3,0.05,0.5,0.35,1.0,0.0,0.75,output_average,output_similarity,0.5,0.0,1,25,experiments/runs/20260511_191636_519818_toy10_market_social_calibration_v2_seeds01_03_r0p02_c0p3_rw0p05_p0p5_n0p35_sg1_sp0_cw0p75_output_average_output_similarity_a0p5_t0_seed01,0.31812483994807,31.812483994807,0.6911831407300768,0.3012049936008387,0.36232257571862975,0.6666384856273697,0.6220850413643186,-0.005356039330420005,132,1
toy10_market_social_calibration_v2_seeds01_03,0.02,0.3,0.05,0.5,0.35,1.0,0.0,0.75,output_average,output_similarity,0.5,0.0,2,25,experiments/runs/20260511_191636_668599_toy10_market_social_calibration_v2_seeds01_03_r0p02_c0p3_rw0p05_p0p5_n0p35_sg1_sp0_cw0p75_output_average_output_similarity_a0p5_t0_seed02,0.3171721259370743,31.717212593707426,0.69092214139386,0.30003105740065505,0.3636264507741298,0.6666817551436307,0.6230234522699309,-0.005878727010313265,136,1
toy10_market_social_calibration_v2_seeds01_03,0.02,0.3,0.05,0.5,0.35,1.0,0.0,0.75,output_average,output_similarity,0.5,0.0,3,25,experiments/runs/20260511_191636_828926_toy10_market_social_calibration_v2_seeds01_03_r0p02_c0p3_rw0p05_p0p5_n0p35_sg1_sp0_cw0p75_output_average_output_similarity_a0p5_t0_seed03,0.31889537693889114,31.889537693889114,0.6907096218422568,0.29906226196697944,0.3647139634350685,0.6667329432264648,0.6211872615521731,-0.005441976650621497,158,1
toy10_market_social_calibration_v2_seeds01_03,0.02,0.3,0.05,0.5,0.35,1.0,1.5,0.75,output_average,output_similarity,0.0,0.0,1,25,experiments/runs/20260511_191636_986087_toy10_market_social_calibration_v2_seeds01_03_r0p02_c0p3_rw0p05_p0p5_n0p35_sg1_sp1p5_cw0p75_output_average_output_similarity_a0_t0_seed01,0.31823467110269554,31.823467110269554,0.6911403604311833,0.30109682222157635,0.3623677972815805,0.6665818204643295,0.6219313979257057,-0.005329356049503522,132,1
toy10_market_social_calibration_v2_seeds01_03,0.02,0.3,0.05,0.5,0.35,1.0,1.5,0.75,output_average,output_similarity,0.0,0.0,2,25,experiments/runs/20260511_191637_095192_toy10_market_social_calibration_v2_seeds01_03_r0p02_c0p3_rw0p05_p0p5_n0p35_sg1_sp1p5_cw0p75_output_average_output_similarity_a0_t0_seed02,0.31718776891152767,31.718776891152768,0.6909259803686101,0.30002462173195815,0.3636546780105237,0.6667017420032916,0.6229920358990902,-0.005875813570262003,136,1
toy10_market_social_calibration_v2_seeds01_03,0.02,0.3,0.05,0.5,0.35,1.0,1.5,0.75,output_average,output_similarity,0.0,0.0,3,25,experiments/runs/20260511_191637_201841_toy10_market_social_calibration_v2_seeds01_03_r0p02_c0p3_rw0p05_p0p5_n0p35_sg1_sp1p5_cw0p75_output_average_output_similarity_a0_t0_seed03,0.318991022459425,31.8991022459425,0.6907943620669096,0.2995161522590733,0.36414514374949164,0.6666611542700375,0.6210179226413486,-0.005333097577273634,156,2
toy10_market_social_calibration_v2_seeds01_03,0.02,0.3,0.05,0.5,0.35,1.0,1.5,0.75,output_average,output_similarity,0.25,0.0,1,25,experiments/runs/20260511_191637_308086_toy10_market_social_calibration_v2_seeds01_03_r0p02_c0p3_rw0p05_p0p5_n0p35_sg1_sp1p5_cw0p75_output_average_output_similarity_a0p25_t0_seed01,0.3189055651891231,31.89055651891231,0.6910140110896208,0.300627297097289,0.3628014501639047,0.6665163478478869,0.6210093814032832,-0.005166973554116673,132,1
toy10_market_social_calibration_v2_seeds01_03,0.02,0.3,0.05,0.5,0.35,1.0,1.5,0.75,output_average,output_similarity,0.25,0.0,2,25,experiments/runs/20260511_191637_456748_toy10_market_social_calibration_v2_seeds01_03_r0p02_c0p3_rw0p05_p0p5_n0p35_sg1_sp1p5_cw0p75_output_average_output_similarity_a0p25_t0_seed02,0.31797176848188874,31.797176848188876,0.6907443705865028,0.29943394609976376,0.36410959014648364,0.6665450202127539,0.6219157607879068,-0.005684464902641152,136,1
toy10_market_social_calibration_v2_seeds01_03,0.02,0.3,0.05,0.5,0.35,1.0,1.5,0.75,output_average,output_similarity,0.25,0.0,3,25,experiments/runs/20260511_191637_605464_toy10_market_social_calibration_v2_seeds01_03_r0p02_c0p3_rw0p05_p0p5_n0p35_sg1_sp1p5_cw0p75_output_average_output_similarity_a0p25_t0_seed03,0.31972758283697617,31.972758283697615,0.6905238038746887,0.29843781698521676,0.3652195815283209,0.6665905699417984,0.6200287489139932,-0.005239155348943961,158,1
toy10_market_social_calibration_v2_seeds01_03,0.02,0.3,0.05,0.5,0.35,1.0,1.5,0.75,output_average,output_similarity,0.5,0.0,1,25,experiments/runs/20260511_191637_748564_toy10_market_social_calibration_v2_seeds01_03_r0p02_c0p3_rw0p05_p0p5_n0p35_sg1_sp1p5_cw0p75_output_average_output_similarity_a0p5_t0_seed01,0.3191898918466208,31.918989184662077,0.6909405779979132,0.30042355583915603,0.362915200313341,0.6664266941383008,0.6206306096910349,-0.005093319973126795,132,1
toy10_market_social_calibration_v2_seeds01_03,0.02,0.3,0.05,0.5,0.35,1.0,1.5,0.75,output_average,output_similarity,0.5,0.0,2,25,experiments/runs/20260511_191637_889675_toy10_market_social_calibration_v2_seeds01_03_r0p02_c0p3_rw0p05_p0p5_n0p35_sg1_sp1p5_cw0p75_output_average_output_similarity_a0p5_t0_seed02,0.3182911209527557,31.82911209527557,0.690669618759812,0.29921561021577064,0.36424725460770674,0.6664624124829055,0.6214956261915876,-0.005601821253085019,136,1
toy10_market_social_calibration_v2_seeds01_03,0.02,0.3,0.05,0.5,0.35,1.0,1.5,0.75,output_average,output_similarity,0.5,0.0,3,25,experiments/runs/20260511_191638_033157_toy10_market_social_calibration_v2_seeds01_03_r0p02_c0p3_rw0p05_p0p5_n0p35_sg1_sp1p5_cw0p75_output_average_output_similarity_a0p5_t0_seed03,0.3200707493102375,32.00707493102375,0.6904418464740144,0.29819735044808604,0.3653726849998856,0.6665009264371052,0.6195777562364779,-0.005150595581636518,158,1
toy10_market_social_calibration_v2_seeds01_03,0.1,0.3,0.05,0.5,0.35,1.0,0.0,0.75,output_average,output_similarity,0.0,0.0,1,25,experiments/runs/20260511_191638_177758_toy10_market_social_calibration_v2_seeds01_03_r0p1_c0p3_rw0p05_p0p5_n0p35_sg1_sp0_cw0p75_output_average_output_similarity_a0_t0_seed01,0.6660194111934576,66.60194111934577,0.6496288793309593,0.15283880830001934,0.49283790072379835,0.6463352677360933,0.32017275276437934,0.10786725109727695,132,1
toy10_market_social_calibration_v2_seeds01_03,0.1,0.3,0.05,0.5,0.35,1.0,0.0,0.75,output_average,output_similarity,0.0,0.0,2,25,experiments/runs/20260511_191638_285113_toy10_market_social_calibration_v2_seeds01_03_r0p1_c0p3_rw0p05_p0p5_n0p35_sg1_sp0_cw0p75_output_average_output_similarity_a0_t0_seed02,0.6655105794304546,66.55105794304545,0.6493209119730063,0.15144380066525853,0.4943960465615078,0.6464035277173873,0.3207058616006073,0.10764331831041087,136,1
toy10_market_social_calibration_v2_seeds01_03,0.1,0.3,0.05,0.5,0.35,1.0,0.0,0.75,output_average,output_similarity,0.0,0.0,3,25,experiments/runs/20260511_191638_393418_toy10_market_social_calibration_v2_seeds01_03_r0p1_c0p3_rw0p05_p0p5_n0p35_sg1_sp0_cw0p75_output_average_output_similarity_a0_t0_seed03,0.6660778895564912,66.60778895564911,0.6492473980498763,0.15098734595194108,0.4950149002956231,0.646523260274265,0.3199210203486277,0.1079492473080593,158,1
toy10_market_social_calibration_v2_seeds01_03,0.1,0.3,0.05,0.5,0.35,1.0,0.0,0.75,output_average,output_similarity,0.25,0.0,1,25,experiments/runs/20260511_191638_501017_toy10_market_social_calibration_v2_seeds01_03_r0p1_c0p3_rw0p05_p0p5_n0p35_sg1_sp0_cw0p75_output_average_output_similarity_a0p25_t0_seed01,0.6659548038173067,66.59548038173067,0.6496702237314546,0.15292595186213015,0.49282899120155804,0.6464040616548471,0.3203034341936633,0.1078495869825149,132,1
toy10_market_social_calibration_v2_seeds01_03,0.1,0.3,0.05,0.5,0.35,1.0,0.0,0.75,output_average,output_similarity,0.25,0.0,2,25,experiments/runs/20260511_191638_642855_toy10_market_social_calibration_v2_seeds01_03_r0p1_c0p3_rw0p05_p0p5_n0p35_sg1_sp0_cw0p75_output_average_output_similarity_a0p25_t0_seed02,0.6654953968206719,66.54953968206719,0.6493228499658303,0.1514643908461047,0.49436261817111155,0.6463920244017154,0.3207502162832288,0.1076337607773061,136,1
toy10_market_social_calibration_v2_seeds01_03,0.1,0.3,0.05,0.5,0.35,1.0,0.0,0.75,output_average,output_similarity,0.25,0.0,3,25,experiments/runs/20260511_191638_789934_toy10_market_social_calibration_v2_seeds01_03_r0p1_c0p3_rw0p05_p0p5_n0p35_sg1_sp0_cw0p75_output_average_output_similarity_a0p25_t0_seed03,0.6660216780929794,66.60216780929794,0.6492783473990184,0.1510658809212993,0.49498162775347493,0.646563437776806,0.32004863494882685,0.10793002402354493,158,1
toy10_market_social_calibration_v2_seeds01_03,0.1,0.3,0.05,0.5,0.35,1.0,0.0,0.75,output_average,output_similarity,0.5,0.0,1,25,experiments/runs/20260511_191638_937428_toy10_market_social_calibration_v2_seeds01_03_r0p1_c0p3_rw0p05_p0p5_n0p35_sg1_sp0_cw0p75_output_average_output_similarity_a0p5_t0_seed01,0.66597743997179,66.59774399717901,0.6496570392207575,0.1529046210224551,0.4928189148381195,0.6463757075324105,0.3202761159916991,0.10785466698040203,132,1
toy10_market_social_calibration_v2_seeds01_03,0.1,0.3,0.05,0.5,0.35,1.0,0.0,0.75,output_average,output_similarity,0.5,0.0,2,25,experiments/runs/20260511_191639_085404_toy10_market_social_calibration_v2_seeds01_03_r0p1_c0p3_rw0p05_p0p5_n0p35_sg1_sp0_cw0p75_output_average_output_similarity_a0p5_t0_seed02,0.6655173390474203,66.55173390474202,0.6493143554151433,0.15144603560696535,0.4943653504466423,0.6463774756172662,0.3207216979862109,0.10764149072522812,136,1
toy10_market_social_calibration_v2_seeds01_03,0.1,0.3,0.05,0.5,0.35,1.0,0.0,0.75,output_average,output_similarity,0.5,0.0,3,25,experiments/runs/20260511_191639_236720_toy10_market_social_calibration_v2_seeds01_03_r0p1_c0p3_rw0p05_p0p5_n0p35_sg1_sp0_cw0p75_output_average_output_similarity_a0p5_t0_seed03,0.6660441364696774,66.60441364696774,0.6492689479077468,0.15104649792812685,0.4949827957747335,0.6465464575455132,0.3200194646692981,0.10793749910200949,158,1
toy10_market_social_calibration_v2_seeds01_03,0.1,0.3,0.05,0.5,0.35,1.0,1.5,0.75,output_average,output_similarity,0.0,0.0,1,25,experiments/runs/20260511_191639_381300_toy10_market_social_calibration_v2_seeds01_03_r0p1_c0p3_rw0p05_p0p5_n0p35_sg1_sp1p5_cw0p75_output_average_output_similarity_a0_t0_seed01,0.6660194111934576,66.60194111934577,0.6496288793309593,0.15283880830001934,0.49283790072379835,0.6463352677360933,0.32017275276437934,0.10786725109727695,132,1
toy10_market_social_calibration_v2_seeds01_03,0.1,0.3,0.05,0.5,0.35,1.0,1.5,0.75,output_average,output_similarity,0.0,0.0,2,25,experiments/runs/20260511_191639_487335_toy10_market_social_calibration_v2_seeds01_03_r0p1_c0p3_rw0p05_p0p5_n0p35_sg1_sp1p5_cw0p75_output_average_output_similarity_a0_t0_seed02,0.6655105794304546,66.55105794304545,0.6493209119730063,0.15144380066525853,0.4943960465615078,0.6464035277173873,0.3207058616006073,0.10764331831041087,136,1
toy10_market_social_calibration_v2_seeds01_03,0.1,0.3,0.05,0.5,0.35,1.0,1.5,0.75,output_average,output_similarity,0.0,0.0,3,25,experiments/runs/20260511_191639_595089_toy10_market_social_calibration_v2_seeds01_03_r0p1_c0p3_rw0p05_p0p5_n0p35_sg1_sp1p5_cw0p75_output_average_output_similarity_a0_t0_seed03,0.6660778895564912,66.60778895564911,0.6492473980498763,0.15098734595194108,0.4950149002956231,0.646523260274265,0.3199210203486277,0.1079492473080593,158,1
toy10_market_social_calibration_v2_seeds01_03,0.1,0.3,0.05,0.5,0.35,1.0,1.5,0.75,output_average,output_similarity,0.25,0.0,1,25,experiments/runs/20260511_191639_701416_toy10_market_social_calibration_v2_seeds01_03_r0p1_c0p3_rw0p05_p0p5_n0p35_sg1_sp1p5_cw0p75_output_average_output_similarity_a0p25_t0_seed01,0.6659461005037534,66.59461005037534,0.649666853111585,0.15288957430102101,0.4928882638442975,0.6464134691405059,0.32019010833880945,0.10785053780620547,132,1
toy10_market_social_calibration_v2_seeds01_03,0.1,0.3,0.05,0.5,0.35,1.0,1.5,0.75,output_average,output_similarity,0.25,0.0,2,25,experiments/runs/20260511_191639_847324_toy10_market_social_calibration_v2_seeds01_03_r0p1_c0p3_rw0p05_p0p5_n0p35_sg1_sp1p5_cw0p75_output_average_output_similarity_a0p25_t0_seed02,0.6654842887835782,66.54842887835783,0.6493213950988824,0.1514327349132099,0.4944201105691098,0.6464036216101491,0.3206364240069689,0.10763400110762744,136,1
toy10_market_social_calibration_v2_seeds01_03,0.1,0.3,0.05,0.5,0.35,1.0,1.5,0.75,output_average,output_similarity,0.25,0.0,3,25,experiments/runs/20260511_191639_993659_toy10_market_social_calibration_v2_seeds01_03_r0p1_c0p3_rw0p05_p0p5_n0p35_sg1_sp1p5_cw0p75_output_average_output_similarity_a0p25_t0_seed03,0.6660058756938878,66.60058756938878,0.6492770567717819,0.15103253788769105,0.49504315131174564,0.6465767341165113,0.31993075300159296,0.10792853341760557,158,1
toy10_market_social_calibration_v2_seeds01_03,0.1,0.3,0.05,0.5,0.35,1.0,1.5,0.75,output_average,output_similarity,0.5,0.0,1,25,experiments/runs/20260511_191640_140626_toy10_market_social_calibration_v2_seeds01_03_r0p1_c0p3_rw0p05_p0p5_n0p35_sg1_sp1p5_cw0p75_output_average_output_similarity_a0p5_t0_seed01,0.6659581095201268,66.59581095201268,0.6496565135997625,0.1528790997448835,0.49286785490928325,0.6463849535244357,0.3201512780908276,0.10785050634933531,132,1
toy10_market_social_calibration_v2_seeds01_03,0.1,0.3,0.05,0.5,0.35,1.0,1.5,0.75,output_average,output_similarity,0.5,0.0,2,25,experiments/runs/20260511_191640_289085_toy10_market_social_calibration_v2_seeds01_03_r0p1_c0p3_rw0p05_p0p5_n0p35_sg1_sp1p5_cw0p75_output_average_output_similarity_a0p5_t0_seed02,0.6654925254209637,66.54925254209637,0.6493162819369871,0.1514255162742646,0.4944140951994196,0.6463902229182453,0.3205996799011048,0.10763553624063579,136,1
toy10_market_social_calibration_v2_seeds01_03,0.1,0.3,0.05,0.5,0.35,1.0,1.5,0.75,output_average,output_similarity,0.5,0.0,3,25,experiments/runs/20260511_191640_441595_toy10_market_social_calibration_v2_seeds01_03_r0p1_c0p3_rw0p05_p0p5_n0p35_sg1_sp1p5_cw0p75_output_average_output_similarity_a0p5_t0_seed03,0.6660224642317738,66.60224642317738,0.6492705308461614,0.1510234672289515,0.49503518892674264,0.6465597797328432,0.3198788462657189,0.10793334383700869,158,1
