regime,game_family,update_rule,mixer,peer_rule,initial_cooperation_probability,alpha,selection_strength,payoff_transform,seeds,cooperation_mean,cooperation_std,payoff_mean,payoff_std,policy_cooperation_mean,cluster_fraction_mean,fragmentation_mean
snowdrift,snowdrift,fermi_imitation,none,none,0.1,0.0,1.0,linear,5,0.094,0.1451895313030523,0.47450000000000003,0.7293970112359934,0.08394225537776948,0.046,100.0
snowdrift,snowdrift,fermi_imitation,none,none,0.3,0.0,1.0,linear,5,0.158,0.12235195135346229,0.7785,0.6121621517212575,0.1391528457403183,0.074,100.0
snowdrift,snowdrift,fermi_imitation,none,none,0.5,0.0,1.0,linear,5,0.162,0.12255610959882825,0.808,0.6085058545322305,0.14724045544862746,0.074,100.0
snowdrift,snowdrift,fermi_imitation,none,none,0.7,0.0,1.0,linear,5,0.3,0.06363961030678926,1.4215,0.28511291622793944,0.28156079947948454,0.174,100.0
snowdrift,snowdrift,fermi_imitation,none,none,0.9,0.0,1.0,linear,5,0.48600000000000004,0.28483328457187024,1.9515,0.8036102133497308,0.46441162526607516,0.442,100.0
snowdrift,snowdrift,fermi_imitation,output_average,none,0.1,0.25,1.0,linear,5,0.042,0.06260990336999413,0.2205,0.3450652112282546,0.0485117644071579,0.022000000000000002,1.0
snowdrift,snowdrift,fermi_imitation,output_average,none,0.3,0.25,1.0,linear,5,0.068,0.07014271166700073,0.39299999999999996,0.40325007749534286,0.07327593713998795,0.018,1.0
snowdrift,snowdrift,fermi_imitation,output_average,none,0.5,0.25,1.0,linear,5,0.136,0.12973048986263794,0.6495,0.6031852949135946,0.1293417051434517,0.11200000000000002,1.0
snowdrift,snowdrift,fermi_imitation,output_average,none,0.7,0.25,1.0,linear,5,0.168,0.14166862743741115,0.819,0.6225316257026626,0.1602436289191246,0.132,1.0
snowdrift,snowdrift,fermi_imitation,output_average,none,0.9,0.25,1.0,linear,5,0.284,0.17868967513541456,1.3210000000000002,0.6882691152449019,0.2584853008389473,0.20400000000000001,1.0
snowdrift,snowdrift,neural_policy,none,none,0.1,0.0,1.0,linear,5,0.43,0.039999999999999994,2.2595,0.16426350781594803,0.44637298583984375,0.178,100.0
snowdrift,snowdrift,neural_policy,none,none,0.3,0.0,1.0,linear,5,0.438,0.040865633483405085,2.2835,0.18579726854827552,0.44741101264953614,0.19,100.0
snowdrift,snowdrift,neural_policy,none,none,0.5,0.0,1.0,linear,5,0.43600000000000005,0.04669047011971501,2.2670000000000003,0.19243830180086288,0.44807342290878294,0.188,100.0
snowdrift,snowdrift,neural_policy,none,none,0.7,0.0,1.0,linear,5,0.44400000000000006,0.03781534080237806,2.3015,0.14468284279761706,0.44581109285354614,0.188,100.0
snowdrift,snowdrift,neural_policy,none,none,0.9,0.0,1.0,linear,5,0.44800000000000006,0.031144823004794875,2.303,0.1334798673957986,0.44553873538970945,0.19,100.0
snowdrift,snowdrift,neural_policy,output_average,none,0.1,0.25,1.0,linear,5,0.454,0.03361547262794323,2.2125,0.062349819566699737,0.450068986415863,0.254,1.0
snowdrift,snowdrift,neural_policy,output_average,none,0.3,0.25,1.0,linear,5,0.45,0.04062019202317982,2.1935,0.07637489770860566,0.45099868774414065,0.248,1.0
snowdrift,snowdrift,neural_policy,output_average,none,0.5,0.25,1.0,linear,5,0.454,0.03847076812334269,2.2195,0.10394409555140678,0.44986847043037415,0.25,1.0
snowdrift,snowdrift,neural_policy,output_average,none,0.7,0.25,1.0,linear,5,0.46399999999999997,0.053197744313081566,2.239,0.11047624178980749,0.45218655467033386,0.262,1.0
snowdrift,snowdrift,neural_policy,output_average,none,0.9,0.25,1.0,linear,5,0.45199999999999996,0.04438468204234431,2.2064999999999997,0.1049493925661315,0.4512269735336304,0.248,1.0
snowdrift,snowdrift,rd_well_mixed,none,none,0.1,0.0,1.0,linear,1,0.42851104872452833,,2.1426020737139173,,0.42851104872452833,0.0,0.0
snowdrift,snowdrift,rd_well_mixed,none,none,0.3,0.0,1.0,linear,1,0.42855916645907305,,2.1428053453292066,,0.42855916645907305,0.0,0.0
snowdrift,snowdrift,rd_well_mixed,none,none,0.5,0.0,1.0,linear,1,0.42857711315277214,,2.142881155167957,,0.42857711315277214,0.0,0.0
snowdrift,snowdrift,rd_well_mixed,none,none,0.7,0.0,1.0,linear,1,0.42859410197118203,,2.1429529161204544,,0.42859410197118203,0.0,0.0
snowdrift,snowdrift,rd_well_mixed,none,none,0.9,0.0,1.0,linear,1,0.42863279219559763,,2.1431163343880826,,0.42863279219559763,0.0,0.0
soft_pd,prisoner_dilemma,fermi_imitation,none,none,0.1,0.0,1.0,linear,5,0.0,0.0,1.0,0.0,0.0,0.0,100.0
soft_pd,prisoner_dilemma,fermi_imitation,none,none,0.3,0.0,1.0,linear,5,0.0,0.0,1.0,0.0,0.0,0.0,100.0
soft_pd,prisoner_dilemma,fermi_imitation,none,none,0.5,0.0,1.0,linear,5,0.0,0.0,1.0,0.0,0.0,0.0,100.0
soft_pd,prisoner_dilemma,fermi_imitation,none,none,0.7,0.0,1.0,linear,5,0.06799999999999999,0.08408329203831164,1.1196000000000002,0.14980253669414287,0.057697666063904765,0.036,100.0
soft_pd,prisoner_dilemma,fermi_imitation,none,none,0.9,0.0,1.0,linear,5,0.518,0.19601020381602585,1.9787999999999997,0.40909314342824177,0.4931161880493164,0.48200000000000004,100.0
soft_pd,prisoner_dilemma,fermi_imitation,output_average,none,0.1,0.25,1.0,linear,5,0.0,0.0,1.0,0.0,0.0,0.0,1.0
soft_pd,prisoner_dilemma,fermi_imitation,output_average,none,0.3,0.25,1.0,linear,5,0.0,0.0,1.0,0.0,0.0,0.0,1.0
soft_pd,prisoner_dilemma,fermi_imitation,output_average,none,0.5,0.25,1.0,linear,5,0.0,0.0,1.0,0.0,0.0,0.0,1.0
soft_pd,prisoner_dilemma,fermi_imitation,output_average,none,0.7,0.25,1.0,linear,5,0.054000000000000006,0.07893034904268446,1.0972000000000002,0.1476319748563976,0.04672481492161751,0.046,1.0
soft_pd,prisoner_dilemma,fermi_imitation,output_average,none,0.9,0.25,1.0,linear,5,0.484,0.31020960655659907,1.9228,0.6386823936824937,0.4755237549543381,0.43,1.0
soft_pd,prisoner_dilemma,neural_policy,none,none,0.1,0.0,1.0,linear,5,0.328,0.019235384061671346,1.5712000000000002,0.04486869732898429,0.3215607464313507,0.11200000000000002,100.0
soft_pd,prisoner_dilemma,neural_policy,none,none,0.3,0.0,1.0,linear,5,0.324,0.023021728866442673,1.5636000000000003,0.05175712511335991,0.32348752617835996,0.11400000000000002,100.0
soft_pd,prisoner_dilemma,neural_policy,none,none,0.5,0.0,1.0,linear,5,0.31799999999999995,0.025884358211089583,1.5532000000000001,0.05593925276583512,0.3222904860973358,0.11000000000000001,100.0
soft_pd,prisoner_dilemma,neural_policy,none,none,0.7,0.0,1.0,linear,5,0.32799999999999996,0.02863564212655271,1.5716,0.061893456843191315,0.32417556643486023,0.13,100.0
soft_pd,prisoner_dilemma,neural_policy,none,none,0.9,0.0,1.0,linear,5,0.322,0.027748873851023197,1.562,0.05998333101787519,0.3254648745059967,0.10800000000000001,100.0
soft_pd,prisoner_dilemma,neural_policy,output_average,none,0.1,0.25,1.0,linear,5,0.284,0.01816590212458493,1.4876,0.03021258016125062,0.2674413412809372,0.08399999999999999,1.0
soft_pd,prisoner_dilemma,neural_policy,output_average,none,0.3,0.25,1.0,linear,5,0.28,0.012247448713915872,1.48,0.017029386365926324,0.2715702086687088,0.078,1.0
soft_pd,prisoner_dilemma,neural_policy,output_average,none,0.5,0.25,1.0,linear,5,0.28,0.012247448713915882,1.4808000000000001,0.017469974241537876,0.2666230320930481,0.078,1.0
soft_pd,prisoner_dilemma,neural_policy,output_average,none,0.7,0.25,1.0,linear,5,0.284,0.00547722557505164,1.4872,0.013311649033834826,0.2682604521512985,0.08399999999999999,1.0
soft_pd,prisoner_dilemma,neural_policy,output_average,none,0.9,0.25,1.0,linear,5,0.278,0.010954451150103309,1.4780000000000002,0.02154065922853809,0.26804921627044676,0.078,1.0
soft_pd,prisoner_dilemma,rd_well_mixed,none,none,0.1,0.0,1.0,linear,1,1.906776383307988e-05,,1.000036375346876,,1.906776383307988e-05,0.0,0.0
soft_pd,prisoner_dilemma,rd_well_mixed,none,none,0.3,0.0,1.0,linear,1,0.00010207018229555943,,1.0001947162236822,,0.00010207018229555943,0.0,0.0
soft_pd,prisoner_dilemma,rd_well_mixed,none,none,0.5,0.0,1.0,linear,1,0.00040013482121261474,,1.0007632991419761,,0.00040013482121261474,0.0,0.0
soft_pd,prisoner_dilemma,rd_well_mixed,none,none,0.7,0.0,1.0,linear,1,0.0025129194966963912,,1.0047925055622442,,0.0025129194966963912,0.0,0.0
soft_pd,prisoner_dilemma,rd_well_mixed,none,none,0.9,0.0,1.0,linear,1,0.14625529469489992,,1.275909337273296,,0.14625529469489992,0.0,0.0
stag_hunt,stag_hunt,fermi_imitation,none,none,0.1,0.0,1.0,linear,5,0.0,0.0,2.0,0.0,0.0,0.0,100.0
stag_hunt,stag_hunt,fermi_imitation,none,none,0.3,0.0,1.0,linear,5,0.0,0.0,2.0,0.0,0.0,0.0,100.0
stag_hunt,stag_hunt,fermi_imitation,none,none,0.5,0.0,1.0,linear,5,0.0,0.0,2.0,0.0,0.0,0.0,100.0
stag_hunt,stag_hunt,fermi_imitation,none,none,0.7,0.0,1.0,linear,5,0.038,0.028635642126552705,1.986,0.01781852968120543,0.037983907759189604,0.02,100.0
stag_hunt,stag_hunt,fermi_imitation,none,none,0.9,0.0,1.0,linear,5,0.546,0.37647045036762183,2.8280000000000003,0.8183565848699454,0.5408412113785743,0.534,100.0
stag_hunt,stag_hunt,fermi_imitation,output_average,none,0.1,0.25,1.0,linear,5,0.0,0.0,2.0,0.0,0.0,0.0,1.0
stag_hunt,stag_hunt,fermi_imitation,output_average,none,0.3,0.25,1.0,linear,5,0.0,0.0,2.0,0.0,0.0,0.0,1.0
stag_hunt,stag_hunt,fermi_imitation,output_average,none,0.5,0.25,1.0,linear,5,0.0,0.0,2.0,0.0,0.0,0.0,1.0
stag_hunt,stag_hunt,fermi_imitation,output_average,none,0.7,0.25,1.0,linear,5,0.002,0.00447213595499958,1.998,0.004472135954999583,0.0016900185495615006,0.002,1.0
stag_hunt,stag_hunt,fermi_imitation,output_average,none,0.9,0.25,1.0,linear,5,0.642,0.35555590277760823,3.035,0.8474668135095321,0.6312494412064552,0.618,1.0
stag_hunt,stag_hunt,neural_policy,none,none,0.1,0.0,1.0,linear,5,0.196,0.0270185121722126,1.9810000000000003,0.037980258029665835,0.19553071558475493,0.082,100.0
stag_hunt,stag_hunt,neural_policy,none,none,0.3,0.0,1.0,linear,5,0.198,0.019235384061671346,1.9760000000000002,0.05951890455981188,0.19701962769031525,0.078,100.0
stag_hunt,stag_hunt,neural_policy,none,none,0.5,0.0,1.0,linear,5,0.196,0.016733200530681516,1.972,0.05707451270050412,0.19836421310901642,0.074,100.0
stag_hunt,stag_hunt,neural_policy,none,none,0.7,0.0,1.0,linear,5,0.20600000000000002,0.027018512172212586,1.98,0.0744143803306861,0.19960749745368958,0.076,100.0
stag_hunt,stag_hunt,neural_policy,none,none,0.9,0.0,1.0,linear,5,0.21200000000000002,0.030331501776206193,1.9829999999999999,0.047249338619709834,0.20556336641311646,0.086,100.0
stag_hunt,stag_hunt,neural_policy,output_average,none,0.1,0.25,1.0,linear,5,0.10800000000000001,0.029495762407505257,1.9490000000000003,0.01917028951268074,0.07882831320166588,0.038,1.0
stag_hunt,stag_hunt,neural_policy,output_average,none,0.3,0.25,1.0,linear,5,0.10400000000000001,0.027018512172212596,1.953,0.03510697936308403,0.07849078327417373,0.038,1.0
stag_hunt,stag_hunt,neural_policy,output_average,none,0.5,0.25,1.0,linear,5,0.10400000000000001,0.03049590136395381,1.9560000000000002,0.03507135583350045,0.07933450862765312,0.039999999999999994,1.0
stag_hunt,stag_hunt,neural_policy,output_average,none,0.7,0.25,1.0,linear,5,0.11000000000000001,0.025495097567963927,1.953,0.038503246616357005,0.08101382702589036,0.038,1.0
stag_hunt,stag_hunt,neural_policy,output_average,none,0.9,0.25,1.0,linear,5,0.10600000000000001,0.03286335345030997,1.951,0.032287768581925926,0.0794580526649952,0.038,1.0
stag_hunt,stag_hunt,rd_well_mixed,none,none,0.1,0.0,1.0,linear,1,1.5091079792956772e-16,,1.9999999999999998,,1.5091079792956772e-16,0.0,0.0
stag_hunt,stag_hunt,rd_well_mixed,none,none,0.3,0.0,1.0,linear,1,1.8564786204817357e-15,,1.9999999999999967,,1.8564786204817357e-15,0.0,0.0
stag_hunt,stag_hunt,rd_well_mixed,none,none,0.5,0.0,1.0,linear,1,4.881933852516003e-14,,1.9999999999999025,,4.881933852516003e-14,0.0,0.0
stag_hunt,stag_hunt,rd_well_mixed,none,none,0.7,0.0,1.0,linear,1,0.9999889636644054,,3.999926426522439,,0.9999889636644054,0.0,0.0
stag_hunt,stag_hunt,rd_well_mixed,none,none,0.9,0.0,1.0,linear,1,0.9999998932270588,,3.999999288180588,,0.9999998932270588,0.0,0.0
