label,regime,game_family,purpose,payoff_T,payoff_R,payoff_P,payoff_S,update_rule,mixer,peer_rule,seed,initial_cooperation_probability,policy_prior_mode,policy_prior_cooperation_probability,local_update_rule,neural_peer_mode,interaction_mode,action_selection_mode,revision_rate,alpha,selection_strength,policy_temperature,payoff_transform,exploration_epsilon,learning_enabled,run_dir,final_cooperation_rate,final_mean_payoff,final_mean_policy_cooperation,final_cooperation_components,final_largest_cooperation_cluster_fraction,final_fragmentation_components
toy2_stag_hunt_action_channel_gate_b_argmax_seed01_05,stag_hunt,stag_hunt,basin sensitivity,3.0,4.0,2.0,0.0,neural_policy,none,none,1,0.55,match_p0,0.55,counterfactual_advantage,well_mixed,well_mixed_resampled,sampled,0.25,0.0,1.0,1.0,linear,0.0,True,/tmp/neural_abm_toy2_action_channel/runs/20260430_170725_697703_toy2_stag_hunt_action_channel_gate_b_argmax_seed01_05_stag_hunt_neural_policy_none_p0p55_prior_match_p0_counterfactual_adv_peer_well_mixed_interaction_well_mixed_action_sampled_r0p25_a0p0_seed01,0.03,1.9725,0.0068329377099871635,3,0.01,100
toy2_stag_hunt_action_channel_gate_b_argmax_seed01_05,stag_hunt,stag_hunt,basin sensitivity,3.0,4.0,2.0,0.0,neural_policy,none,none,2,0.55,match_p0,0.55,counterfactual_advantage,well_mixed,well_mixed_resampled,sampled,0.25,0.0,1.0,1.0,linear,0.0,True,/tmp/neural_abm_toy2_action_channel/runs/20260430_170739_448088_toy2_stag_hunt_action_channel_gate_b_argmax_seed01_05_stag_hunt_neural_policy_none_p0p55_prior_match_p0_counterfactual_adv_peer_well_mixed_interaction_well_mixed_action_sampled_r0p25_a0p0_seed02,0.01,1.99,0.016237707808613777,1,0.01,100
toy2_stag_hunt_action_channel_gate_b_argmax_seed01_05,stag_hunt,stag_hunt,basin sensitivity,3.0,4.0,2.0,0.0,neural_policy,none,none,3,0.55,match_p0,0.55,counterfactual_advantage,well_mixed,well_mixed_resampled,sampled,0.25,0.0,1.0,1.0,linear,0.0,True,/tmp/neural_abm_toy2_action_channel/runs/20260430_170750_465761_toy2_stag_hunt_action_channel_gate_b_argmax_seed01_05_stag_hunt_neural_policy_none_p0p55_prior_match_p0_counterfactual_adv_peer_well_mixed_interaction_well_mixed_action_sampled_r0p25_a0p0_seed03,0.0,2.0,0.008260272443294525,0,0.0,100
toy2_stag_hunt_action_channel_gate_b_argmax_seed01_05,stag_hunt,stag_hunt,basin sensitivity,3.0,4.0,2.0,0.0,neural_policy,none,none,4,0.55,match_p0,0.55,counterfactual_advantage,well_mixed,well_mixed_resampled,sampled,0.25,0.0,1.0,1.0,linear,0.0,True,/tmp/neural_abm_toy2_action_channel/runs/20260430_170758_767794_toy2_stag_hunt_action_channel_gate_b_argmax_seed01_05_stag_hunt_neural_policy_none_p0p55_prior_match_p0_counterfactual_adv_peer_well_mixed_interaction_well_mixed_action_sampled_r0p25_a0p0_seed04,0.02,1.9825,0.011502482928335667,2,0.01,100
toy2_stag_hunt_action_channel_gate_b_argmax_seed01_05,stag_hunt,stag_hunt,basin sensitivity,3.0,4.0,2.0,0.0,neural_policy,none,none,5,0.55,match_p0,0.55,counterfactual_advantage,well_mixed,well_mixed_resampled,sampled,0.25,0.0,1.0,1.0,linear,0.0,True,/tmp/neural_abm_toy2_action_channel/runs/20260430_170802_264352_toy2_stag_hunt_action_channel_gate_b_argmax_seed01_05_stag_hunt_neural_policy_none_p0p55_prior_match_p0_counterfactual_adv_peer_well_mixed_interaction_well_mixed_action_sampled_r0p25_a0p0_seed05,0.01,1.985,0.004610076081007719,1,0.01,100
toy2_stag_hunt_action_channel_gate_b_argmax_seed01_05,stag_hunt,stag_hunt,basin sensitivity,3.0,4.0,2.0,0.0,neural_policy,none,none,1,0.55,match_p0,0.55,counterfactual_advantage,well_mixed,well_mixed_resampled,argmax,0.25,0.0,1.0,1.0,linear,0.0,True,/tmp/neural_abm_toy2_action_channel/runs/20260430_170811_706335_toy2_stag_hunt_action_channel_gate_b_argmax_seed01_05_stag_hunt_neural_policy_none_p0p55_prior_match_p0_counterfactual_adv_peer_well_mixed_interaction_well_mixed_action_argmax_r0p25_a0p0_seed01,1.0,4.0,0.9987391829490662,1,1.0,100
toy2_stag_hunt_action_channel_gate_b_argmax_seed01_05,stag_hunt,stag_hunt,basin sensitivity,3.0,4.0,2.0,0.0,neural_policy,none,none,2,0.55,match_p0,0.55,counterfactual_advantage,well_mixed,well_mixed_resampled,argmax,0.25,0.0,1.0,1.0,linear,0.0,True,/tmp/neural_abm_toy2_action_channel/runs/20260430_170818_794380_toy2_stag_hunt_action_channel_gate_b_argmax_seed01_05_stag_hunt_neural_policy_none_p0p55_prior_match_p0_counterfactual_adv_peer_well_mixed_interaction_well_mixed_action_argmax_r0p25_a0p0_seed02,1.0,4.0,0.9994286894798279,1,1.0,100
toy2_stag_hunt_action_channel_gate_b_argmax_seed01_05,stag_hunt,stag_hunt,basin sensitivity,3.0,4.0,2.0,0.0,neural_policy,none,none,3,0.55,match_p0,0.55,counterfactual_advantage,well_mixed,well_mixed_resampled,argmax,0.25,0.0,1.0,1.0,linear,0.0,True,/tmp/neural_abm_toy2_action_channel/runs/20260430_170825_042067_toy2_stag_hunt_action_channel_gate_b_argmax_seed01_05_stag_hunt_neural_policy_none_p0p55_prior_match_p0_counterfactual_adv_peer_well_mixed_interaction_well_mixed_action_argmax_r0p25_a0p0_seed03,1.0,4.0,0.998555064201355,1,1.0,100
toy2_stag_hunt_action_channel_gate_b_argmax_seed01_05,stag_hunt,stag_hunt,basin sensitivity,3.0,4.0,2.0,0.0,neural_policy,none,none,4,0.55,match_p0,0.55,counterfactual_advantage,well_mixed,well_mixed_resampled,argmax,0.25,0.0,1.0,1.0,linear,0.0,True,/tmp/neural_abm_toy2_action_channel/runs/20260430_170829_380339_toy2_stag_hunt_action_channel_gate_b_argmax_seed01_05_stag_hunt_neural_policy_none_p0p55_prior_match_p0_counterfactual_adv_peer_well_mixed_interaction_well_mixed_action_argmax_r0p25_a0p0_seed04,1.0,4.0,0.9987399578094482,1,1.0,100
toy2_stag_hunt_action_channel_gate_b_argmax_seed01_05,stag_hunt,stag_hunt,basin sensitivity,3.0,4.0,2.0,0.0,neural_policy,none,none,5,0.55,match_p0,0.55,counterfactual_advantage,well_mixed,well_mixed_resampled,argmax,0.25,0.0,1.0,1.0,linear,0.0,True,/tmp/neural_abm_toy2_action_channel/runs/20260430_170833_405606_toy2_stag_hunt_action_channel_gate_b_argmax_seed01_05_stag_hunt_neural_policy_none_p0p55_prior_match_p0_counterfactual_adv_peer_well_mixed_interaction_well_mixed_action_argmax_r0p25_a0p0_seed05,1.0,4.0,0.9989631772041321,1,1.0,100
toy2_stag_hunt_action_channel_gate_b_argmax_seed01_05,stag_hunt,stag_hunt,basin sensitivity,3.0,4.0,2.0,0.0,neural_policy,none,none,1,0.6,match_p0,0.6,counterfactual_advantage,well_mixed,well_mixed_resampled,sampled,0.25,0.0,1.0,1.0,linear,0.0,True,/tmp/neural_abm_toy2_action_channel/runs/20260430_170838_088236_toy2_stag_hunt_action_channel_gate_b_argmax_seed01_05_stag_hunt_neural_policy_none_p0p6_prior_match_p0_counterfactual_adv_peer_well_mixed_interaction_well_mixed_action_sampled_r0p25_a0p0_seed01,0.03,1.9725,0.0122689763084054,3,0.01,100
toy2_stag_hunt_action_channel_gate_b_argmax_seed01_05,stag_hunt,stag_hunt,basin sensitivity,3.0,4.0,2.0,0.0,neural_policy,none,none,2,0.6,match_p0,0.6,counterfactual_advantage,well_mixed,well_mixed_resampled,sampled,0.25,0.0,1.0,1.0,linear,0.0,True,/tmp/neural_abm_toy2_action_channel/runs/20260430_170842_401604_toy2_stag_hunt_action_channel_gate_b_argmax_seed01_05_stag_hunt_neural_policy_none_p0p6_prior_match_p0_counterfactual_adv_peer_well_mixed_interaction_well_mixed_action_sampled_r0p25_a0p0_seed02,0.02,1.9775,0.03639734163880348,2,0.01,100
toy2_stag_hunt_action_channel_gate_b_argmax_seed01_05,stag_hunt,stag_hunt,basin sensitivity,3.0,4.0,2.0,0.0,neural_policy,none,none,3,0.6,match_p0,0.6,counterfactual_advantage,well_mixed,well_mixed_resampled,sampled,0.25,0.0,1.0,1.0,linear,0.0,True,/tmp/neural_abm_toy2_action_channel/runs/20260430_170846_287962_toy2_stag_hunt_action_channel_gate_b_argmax_seed01_05_stag_hunt_neural_policy_none_p0p6_prior_match_p0_counterfactual_adv_peer_well_mixed_interaction_well_mixed_action_sampled_r0p25_a0p0_seed03,0.03,1.9775,0.02439349889755249,3,0.01,100
toy2_stag_hunt_action_channel_gate_b_argmax_seed01_05,stag_hunt,stag_hunt,basin sensitivity,3.0,4.0,2.0,0.0,neural_policy,none,none,4,0.6,match_p0,0.6,counterfactual_advantage,well_mixed,well_mixed_resampled,sampled,0.25,0.0,1.0,1.0,linear,0.0,True,/tmp/neural_abm_toy2_action_channel/runs/20260430_170850_063522_toy2_stag_hunt_action_channel_gate_b_argmax_seed01_05_stag_hunt_neural_policy_none_p0p6_prior_match_p0_counterfactual_adv_peer_well_mixed_interaction_well_mixed_action_sampled_r0p25_a0p0_seed04,0.13,1.935,0.03547932952642441,12,0.02,100
toy2_stag_hunt_action_channel_gate_b_argmax_seed01_05,stag_hunt,stag_hunt,basin sensitivity,3.0,4.0,2.0,0.0,neural_policy,none,none,5,0.6,match_p0,0.6,counterfactual_advantage,well_mixed,well_mixed_resampled,sampled,0.25,0.0,1.0,1.0,linear,0.0,True,/tmp/neural_abm_toy2_action_channel/runs/20260430_170854_063134_toy2_stag_hunt_action_channel_gate_b_argmax_seed01_05_stag_hunt_neural_policy_none_p0p6_prior_match_p0_counterfactual_adv_peer_well_mixed_interaction_well_mixed_action_sampled_r0p25_a0p0_seed05,0.03,1.9675,0.008705858141183853,3,0.01,100
toy2_stag_hunt_action_channel_gate_b_argmax_seed01_05,stag_hunt,stag_hunt,basin sensitivity,3.0,4.0,2.0,0.0,neural_policy,none,none,1,0.6,match_p0,0.6,counterfactual_advantage,well_mixed,well_mixed_resampled,argmax,0.25,0.0,1.0,1.0,linear,0.0,True,/tmp/neural_abm_toy2_action_channel/runs/20260430_170858_043069_toy2_stag_hunt_action_channel_gate_b_argmax_seed01_05_stag_hunt_neural_policy_none_p0p6_prior_match_p0_counterfactual_adv_peer_well_mixed_interaction_well_mixed_action_argmax_r0p25_a0p0_seed01,1.0,4.0,0.9988420605659485,1,1.0,100
toy2_stag_hunt_action_channel_gate_b_argmax_seed01_05,stag_hunt,stag_hunt,basin sensitivity,3.0,4.0,2.0,0.0,neural_policy,none,none,2,0.6,match_p0,0.6,counterfactual_advantage,well_mixed,well_mixed_resampled,argmax,0.25,0.0,1.0,1.0,linear,0.0,True,/tmp/neural_abm_toy2_action_channel/runs/20260430_170902_022205_toy2_stag_hunt_action_channel_gate_b_argmax_seed01_05_stag_hunt_neural_policy_none_p0p6_prior_match_p0_counterfactual_adv_peer_well_mixed_interaction_well_mixed_action_argmax_r0p25_a0p0_seed02,1.0,4.0,0.9994575381278992,1,1.0,100
toy2_stag_hunt_action_channel_gate_b_argmax_seed01_05,stag_hunt,stag_hunt,basin sensitivity,3.0,4.0,2.0,0.0,neural_policy,none,none,3,0.6,match_p0,0.6,counterfactual_advantage,well_mixed,well_mixed_resampled,argmax,0.25,0.0,1.0,1.0,linear,0.0,True,/tmp/neural_abm_toy2_action_channel/runs/20260430_170906_145978_toy2_stag_hunt_action_channel_gate_b_argmax_seed01_05_stag_hunt_neural_policy_none_p0p6_prior_match_p0_counterfactual_adv_peer_well_mixed_interaction_well_mixed_action_argmax_r0p25_a0p0_seed03,1.0,4.0,0.9987137317657471,1,1.0,100
toy2_stag_hunt_action_channel_gate_b_argmax_seed01_05,stag_hunt,stag_hunt,basin sensitivity,3.0,4.0,2.0,0.0,neural_policy,none,none,4,0.6,match_p0,0.6,counterfactual_advantage,well_mixed,well_mixed_resampled,argmax,0.25,0.0,1.0,1.0,linear,0.0,True,/tmp/neural_abm_toy2_action_channel/runs/20260430_170911_379472_toy2_stag_hunt_action_channel_gate_b_argmax_seed01_05_stag_hunt_neural_policy_none_p0p6_prior_match_p0_counterfactual_adv_peer_well_mixed_interaction_well_mixed_action_argmax_r0p25_a0p0_seed04,1.0,4.0,0.9990329146385193,1,1.0,100
toy2_stag_hunt_action_channel_gate_b_argmax_seed01_05,stag_hunt,stag_hunt,basin sensitivity,3.0,4.0,2.0,0.0,neural_policy,none,none,5,0.6,match_p0,0.6,counterfactual_advantage,well_mixed,well_mixed_resampled,argmax,0.25,0.0,1.0,1.0,linear,0.0,True,/tmp/neural_abm_toy2_action_channel/runs/20260430_170915_251365_toy2_stag_hunt_action_channel_gate_b_argmax_seed01_05_stag_hunt_neural_policy_none_p0p6_prior_match_p0_counterfactual_adv_peer_well_mixed_interaction_well_mixed_action_argmax_r0p25_a0p0_seed05,1.0,4.0,0.9989285469055176,1,1.0,100
toy2_stag_hunt_action_channel_gate_b_argmax_seed01_05,stag_hunt,stag_hunt,basin sensitivity,3.0,4.0,2.0,0.0,neural_policy,none,none,1,0.65,match_p0,0.65,counterfactual_advantage,well_mixed,well_mixed_resampled,sampled,0.25,0.0,1.0,1.0,linear,0.0,True,/tmp/neural_abm_toy2_action_channel/runs/20260430_170919_055892_toy2_stag_hunt_action_channel_gate_b_argmax_seed01_05_stag_hunt_neural_policy_none_p0p65_prior_match_p0_counterfactual_adv_peer_well_mixed_interaction_well_mixed_action_sampled_r0p25_a0p0_seed01,0.06,1.9425,0.040344830602407455,6,0.01,100
toy2_stag_hunt_action_channel_gate_b_argmax_seed01_05,stag_hunt,stag_hunt,basin sensitivity,3.0,4.0,2.0,0.0,neural_policy,none,none,2,0.65,match_p0,0.65,counterfactual_advantage,well_mixed,well_mixed_resampled,sampled,0.25,0.0,1.0,1.0,linear,0.0,True,/tmp/neural_abm_toy2_action_channel/runs/20260430_170922_953740_toy2_stag_hunt_action_channel_gate_b_argmax_seed01_05_stag_hunt_neural_policy_none_p0p65_prior_match_p0_counterfactual_adv_peer_well_mixed_interaction_well_mixed_action_sampled_r0p25_a0p0_seed02,0.13,1.89,0.10160747170448303,8,0.03,100
toy2_stag_hunt_action_channel_gate_b_argmax_seed01_05,stag_hunt,stag_hunt,basin sensitivity,3.0,4.0,2.0,0.0,neural_policy,none,none,3,0.65,match_p0,0.65,counterfactual_advantage,well_mixed,well_mixed_resampled,sampled,0.25,0.0,1.0,1.0,linear,0.0,True,/tmp/neural_abm_toy2_action_channel/runs/20260430_170926_848388_toy2_stag_hunt_action_channel_gate_b_argmax_seed01_05_stag_hunt_neural_policy_none_p0p65_prior_match_p0_counterfactual_adv_peer_well_mixed_interaction_well_mixed_action_sampled_r0p25_a0p0_seed03,0.18,1.905,0.13920751214027405,9,0.04,100
toy2_stag_hunt_action_channel_gate_b_argmax_seed01_05,stag_hunt,stag_hunt,basin sensitivity,3.0,4.0,2.0,0.0,neural_policy,none,none,4,0.65,match_p0,0.65,counterfactual_advantage,well_mixed,well_mixed_resampled,sampled,0.25,0.0,1.0,1.0,linear,0.0,True,/tmp/neural_abm_toy2_action_channel/runs/20260430_170930_772324_toy2_stag_hunt_action_channel_gate_b_argmax_seed01_05_stag_hunt_neural_policy_none_p0p65_prior_match_p0_counterfactual_adv_peer_well_mixed_interaction_well_mixed_action_sampled_r0p25_a0p0_seed04,0.28,1.9525,0.21458010375499725,17,0.04,100
toy2_stag_hunt_action_channel_gate_b_argmax_seed01_05,stag_hunt,stag_hunt,basin sensitivity,3.0,4.0,2.0,0.0,neural_policy,none,none,5,0.65,match_p0,0.65,counterfactual_advantage,well_mixed,well_mixed_resampled,sampled,0.25,0.0,1.0,1.0,linear,0.0,True,/tmp/neural_abm_toy2_action_channel/runs/20260430_170937_421464_toy2_stag_hunt_action_channel_gate_b_argmax_seed01_05_stag_hunt_neural_policy_none_p0p65_prior_match_p0_counterfactual_adv_peer_well_mixed_interaction_well_mixed_action_sampled_r0p25_a0p0_seed05,0.09,1.9025,0.03457315266132355,8,0.02,100
toy2_stag_hunt_action_channel_gate_b_argmax_seed01_05,stag_hunt,stag_hunt,basin sensitivity,3.0,4.0,2.0,0.0,neural_policy,none,none,1,0.65,match_p0,0.65,counterfactual_advantage,well_mixed,well_mixed_resampled,argmax,0.25,0.0,1.0,1.0,linear,0.0,True,/tmp/neural_abm_toy2_action_channel/runs/20260430_170941_324992_toy2_stag_hunt_action_channel_gate_b_argmax_seed01_05_stag_hunt_neural_policy_none_p0p65_prior_match_p0_counterfactual_adv_peer_well_mixed_interaction_well_mixed_action_argmax_r0p25_a0p0_seed01,1.0,4.0,0.9993577599525452,1,1.0,100
toy2_stag_hunt_action_channel_gate_b_argmax_seed01_05,stag_hunt,stag_hunt,basin sensitivity,3.0,4.0,2.0,0.0,neural_policy,none,none,2,0.65,match_p0,0.65,counterfactual_advantage,well_mixed,well_mixed_resampled,argmax,0.25,0.0,1.0,1.0,linear,0.0,True,/tmp/neural_abm_toy2_action_channel/runs/20260430_170945_241818_toy2_stag_hunt_action_channel_gate_b_argmax_seed01_05_stag_hunt_neural_policy_none_p0p65_prior_match_p0_counterfactual_adv_peer_well_mixed_interaction_well_mixed_action_argmax_r0p25_a0p0_seed02,1.0,4.0,0.9995708465576172,1,1.0,100
toy2_stag_hunt_action_channel_gate_b_argmax_seed01_05,stag_hunt,stag_hunt,basin sensitivity,3.0,4.0,2.0,0.0,neural_policy,none,none,3,0.65,match_p0,0.65,counterfactual_advantage,well_mixed,well_mixed_resampled,argmax,0.25,0.0,1.0,1.0,linear,0.0,True,/tmp/neural_abm_toy2_action_channel/runs/20260430_170949_401982_toy2_stag_hunt_action_channel_gate_b_argmax_seed01_05_stag_hunt_neural_policy_none_p0p65_prior_match_p0_counterfactual_adv_peer_well_mixed_interaction_well_mixed_action_argmax_r0p25_a0p0_seed03,1.0,4.0,0.9989370703697205,1,1.0,100
toy2_stag_hunt_action_channel_gate_b_argmax_seed01_05,stag_hunt,stag_hunt,basin sensitivity,3.0,4.0,2.0,0.0,neural_policy,none,none,4,0.65,match_p0,0.65,counterfactual_advantage,well_mixed,well_mixed_resampled,argmax,0.25,0.0,1.0,1.0,linear,0.0,True,/tmp/neural_abm_toy2_action_channel/runs/20260430_170953_279627_toy2_stag_hunt_action_channel_gate_b_argmax_seed01_05_stag_hunt_neural_policy_none_p0p65_prior_match_p0_counterfactual_adv_peer_well_mixed_interaction_well_mixed_action_argmax_r0p25_a0p0_seed04,1.0,4.0,0.9992282390594482,1,1.0,100
toy2_stag_hunt_action_channel_gate_b_argmax_seed01_05,stag_hunt,stag_hunt,basin sensitivity,3.0,4.0,2.0,0.0,neural_policy,none,none,5,0.65,match_p0,0.65,counterfactual_advantage,well_mixed,well_mixed_resampled,argmax,0.25,0.0,1.0,1.0,linear,0.0,True,/tmp/neural_abm_toy2_action_channel/runs/20260430_170957_391781_toy2_stag_hunt_action_channel_gate_b_argmax_seed01_05_stag_hunt_neural_policy_none_p0p65_prior_match_p0_counterfactual_adv_peer_well_mixed_interaction_well_mixed_action_argmax_r0p25_a0p0_seed05,1.0,4.0,0.9990659356117249,1,1.0,100
toy2_stag_hunt_action_channel_gate_b_argmax_seed01_05,stag_hunt,stag_hunt,basin sensitivity,3.0,4.0,2.0,0.0,neural_policy,none,none,1,0.7,match_p0,0.7,counterfactual_advantage,well_mixed,well_mixed_resampled,sampled,0.25,0.0,1.0,1.0,linear,0.0,True,/tmp/neural_abm_toy2_action_channel/runs/20260430_171001_503055_toy2_stag_hunt_action_channel_gate_b_argmax_seed01_05_stag_hunt_neural_policy_none_p0p7_prior_match_p0_counterfactual_adv_peer_well_mixed_interaction_well_mixed_action_sampled_r0p25_a0p0_seed01,0.16,1.89,0.11349193751811981,12,0.04,100
toy2_stag_hunt_action_channel_gate_b_argmax_seed01_05,stag_hunt,stag_hunt,basin sensitivity,3.0,4.0,2.0,0.0,neural_policy,none,none,2,0.7,match_p0,0.7,counterfactual_advantage,well_mixed,well_mixed_resampled,sampled,0.25,0.0,1.0,1.0,linear,0.0,True,/tmp/neural_abm_toy2_action_channel/runs/20260430_171006_383273_toy2_stag_hunt_action_channel_gate_b_argmax_seed01_05_stag_hunt_neural_policy_none_p0p7_prior_match_p0_counterfactual_adv_peer_well_mixed_interaction_well_mixed_action_sampled_r0p25_a0p0_seed02,0.46,2.205,0.44663262367248535,9,0.13,100
toy2_stag_hunt_action_channel_gate_b_argmax_seed01_05,stag_hunt,stag_hunt,basin sensitivity,3.0,4.0,2.0,0.0,neural_policy,none,none,3,0.7,match_p0,0.7,counterfactual_advantage,well_mixed,well_mixed_resampled,sampled,0.25,0.0,1.0,1.0,linear,0.0,True,/tmp/neural_abm_toy2_action_channel/runs/20260430_171015_109010_toy2_stag_hunt_action_channel_gate_b_argmax_seed01_05_stag_hunt_neural_policy_none_p0p7_prior_match_p0_counterfactual_adv_peer_well_mixed_interaction_well_mixed_action_sampled_r0p25_a0p0_seed03,0.57,2.3225,0.48709678649902344,4,0.49,100
toy2_stag_hunt_action_channel_gate_b_argmax_seed01_05,stag_hunt,stag_hunt,basin sensitivity,3.0,4.0,2.0,0.0,neural_policy,none,none,4,0.7,match_p0,0.7,counterfactual_advantage,well_mixed,well_mixed_resampled,sampled,0.25,0.0,1.0,1.0,linear,0.0,True,/tmp/neural_abm_toy2_action_channel/runs/20260430_171019_048110_toy2_stag_hunt_action_channel_gate_b_argmax_seed01_05_stag_hunt_neural_policy_none_p0p7_prior_match_p0_counterfactual_adv_peer_well_mixed_interaction_well_mixed_action_sampled_r0p25_a0p0_seed04,0.56,2.4,0.5475613474845886,9,0.39,100
toy2_stag_hunt_action_channel_gate_b_argmax_seed01_05,stag_hunt,stag_hunt,basin sensitivity,3.0,4.0,2.0,0.0,neural_policy,none,none,5,0.7,match_p0,0.7,counterfactual_advantage,well_mixed,well_mixed_resampled,sampled,0.25,0.0,1.0,1.0,linear,0.0,True,/tmp/neural_abm_toy2_action_channel/runs/20260430_171023_051305_toy2_stag_hunt_action_channel_gate_b_argmax_seed01_05_stag_hunt_neural_policy_none_p0p7_prior_match_p0_counterfactual_adv_peer_well_mixed_interaction_well_mixed_action_sampled_r0p25_a0p0_seed05,0.28,1.9575,0.22385352849960327,12,0.1,100
toy2_stag_hunt_action_channel_gate_b_argmax_seed01_05,stag_hunt,stag_hunt,basin sensitivity,3.0,4.0,2.0,0.0,neural_policy,none,none,1,0.7,match_p0,0.7,counterfactual_advantage,well_mixed,well_mixed_resampled,argmax,0.25,0.0,1.0,1.0,linear,0.0,True,/tmp/neural_abm_toy2_action_channel/runs/20260430_171026_620899_toy2_stag_hunt_action_channel_gate_b_argmax_seed01_05_stag_hunt_neural_policy_none_p0p7_prior_match_p0_counterfactual_adv_peer_well_mixed_interaction_well_mixed_action_argmax_r0p25_a0p0_seed01,1.0,4.0,0.9995913505554199,1,1.0,100
toy2_stag_hunt_action_channel_gate_b_argmax_seed01_05,stag_hunt,stag_hunt,basin sensitivity,3.0,4.0,2.0,0.0,neural_policy,none,none,2,0.7,match_p0,0.7,counterfactual_advantage,well_mixed,well_mixed_resampled,argmax,0.25,0.0,1.0,1.0,linear,0.0,True,/tmp/neural_abm_toy2_action_channel/runs/20260430_171030_135893_toy2_stag_hunt_action_channel_gate_b_argmax_seed01_05_stag_hunt_neural_policy_none_p0p7_prior_match_p0_counterfactual_adv_peer_well_mixed_interaction_well_mixed_action_argmax_r0p25_a0p0_seed02,1.0,4.0,0.9997517466545105,1,1.0,100
toy2_stag_hunt_action_channel_gate_b_argmax_seed01_05,stag_hunt,stag_hunt,basin sensitivity,3.0,4.0,2.0,0.0,neural_policy,none,none,3,0.7,match_p0,0.7,counterfactual_advantage,well_mixed,well_mixed_resampled,argmax,0.25,0.0,1.0,1.0,linear,0.0,True,/tmp/neural_abm_toy2_action_channel/runs/20260430_171033_586296_toy2_stag_hunt_action_channel_gate_b_argmax_seed01_05_stag_hunt_neural_policy_none_p0p7_prior_match_p0_counterfactual_adv_peer_well_mixed_interaction_well_mixed_action_argmax_r0p25_a0p0_seed03,1.0,4.0,0.9983242750167847,1,1.0,100
toy2_stag_hunt_action_channel_gate_b_argmax_seed01_05,stag_hunt,stag_hunt,basin sensitivity,3.0,4.0,2.0,0.0,neural_policy,none,none,4,0.7,match_p0,0.7,counterfactual_advantage,well_mixed,well_mixed_resampled,argmax,0.25,0.0,1.0,1.0,linear,0.0,True,/tmp/neural_abm_toy2_action_channel/runs/20260430_171037_103226_toy2_stag_hunt_action_channel_gate_b_argmax_seed01_05_stag_hunt_neural_policy_none_p0p7_prior_match_p0_counterfactual_adv_peer_well_mixed_interaction_well_mixed_action_argmax_r0p25_a0p0_seed04,1.0,4.0,0.9992995262145996,1,1.0,100
toy2_stag_hunt_action_channel_gate_b_argmax_seed01_05,stag_hunt,stag_hunt,basin sensitivity,3.0,4.0,2.0,0.0,neural_policy,none,none,5,0.7,match_p0,0.7,counterfactual_advantage,well_mixed,well_mixed_resampled,argmax,0.25,0.0,1.0,1.0,linear,0.0,True,/tmp/neural_abm_toy2_action_channel/runs/20260430_171040_574673_toy2_stag_hunt_action_channel_gate_b_argmax_seed01_05_stag_hunt_neural_policy_none_p0p7_prior_match_p0_counterfactual_adv_peer_well_mixed_interaction_well_mixed_action_argmax_r0p25_a0p0_seed05,1.0,4.0,0.9993665814399719,1,1.0,100
toy2_stag_hunt_action_channel_gate_b_argmax_seed01_05,stag_hunt,stag_hunt,basin sensitivity,3.0,4.0,2.0,0.0,neural_policy,none,none,1,0.75,match_p0,0.75,counterfactual_advantage,well_mixed,well_mixed_resampled,sampled,0.25,0.0,1.0,1.0,linear,0.0,True,/tmp/neural_abm_toy2_action_channel/runs/20260430_171044_544320_toy2_stag_hunt_action_channel_gate_b_argmax_seed01_05_stag_hunt_neural_policy_none_p0p75_prior_match_p0_counterfactual_adv_peer_well_mixed_interaction_well_mixed_action_sampled_r0p25_a0p0_seed01,0.51,2.3425,0.43572866916656494,4,0.4,100
toy2_stag_hunt_action_channel_gate_b_argmax_seed01_05,stag_hunt,stag_hunt,basin sensitivity,3.0,4.0,2.0,0.0,neural_policy,none,none,2,0.75,match_p0,0.75,counterfactual_advantage,well_mixed,well_mixed_resampled,sampled,0.25,0.0,1.0,1.0,linear,0.0,True,/tmp/neural_abm_toy2_action_channel/runs/20260430_171048_543598_toy2_stag_hunt_action_channel_gate_b_argmax_seed01_05_stag_hunt_neural_policy_none_p0p75_prior_match_p0_counterfactual_adv_peer_well_mixed_interaction_well_mixed_action_sampled_r0p25_a0p0_seed02,0.87,3.5375,0.8290541768074036,1,0.87,100
toy2_stag_hunt_action_channel_gate_b_argmax_seed01_05,stag_hunt,stag_hunt,basin sensitivity,3.0,4.0,2.0,0.0,neural_policy,none,none,3,0.75,match_p0,0.75,counterfactual_advantage,well_mixed,well_mixed_resampled,sampled,0.25,0.0,1.0,1.0,linear,0.0,True,/tmp/neural_abm_toy2_action_channel/runs/20260430_171052_236585_toy2_stag_hunt_action_channel_gate_b_argmax_seed01_05_stag_hunt_neural_policy_none_p0p75_prior_match_p0_counterfactual_adv_peer_well_mixed_interaction_well_mixed_action_sampled_r0p25_a0p0_seed03,0.82,3.2025,0.7606448531150818,1,0.82,100
toy2_stag_hunt_action_channel_gate_b_argmax_seed01_05,stag_hunt,stag_hunt,basin sensitivity,3.0,4.0,2.0,0.0,neural_policy,none,none,4,0.75,match_p0,0.75,counterfactual_advantage,well_mixed,well_mixed_resampled,sampled,0.25,0.0,1.0,1.0,linear,0.0,True,/tmp/neural_abm_toy2_action_channel/runs/20260430_171055_807076_toy2_stag_hunt_action_channel_gate_b_argmax_seed01_05_stag_hunt_neural_policy_none_p0p75_prior_match_p0_counterfactual_adv_peer_well_mixed_interaction_well_mixed_action_sampled_r0p25_a0p0_seed04,0.75,3.015,0.83896803855896,1,0.75,100
toy2_stag_hunt_action_channel_gate_b_argmax_seed01_05,stag_hunt,stag_hunt,basin sensitivity,3.0,4.0,2.0,0.0,neural_policy,none,none,5,0.75,match_p0,0.75,counterfactual_advantage,well_mixed,well_mixed_resampled,sampled,0.25,0.0,1.0,1.0,linear,0.0,True,/tmp/neural_abm_toy2_action_channel/runs/20260430_171059_647378_toy2_stag_hunt_action_channel_gate_b_argmax_seed01_05_stag_hunt_neural_policy_none_p0p75_prior_match_p0_counterfactual_adv_peer_well_mixed_interaction_well_mixed_action_sampled_r0p25_a0p0_seed05,0.75,2.8725,0.7001894116401672,1,0.75,100
toy2_stag_hunt_action_channel_gate_b_argmax_seed01_05,stag_hunt,stag_hunt,basin sensitivity,3.0,4.0,2.0,0.0,neural_policy,none,none,1,0.75,match_p0,0.75,counterfactual_advantage,well_mixed,well_mixed_resampled,argmax,0.25,0.0,1.0,1.0,linear,0.0,True,/tmp/neural_abm_toy2_action_channel/runs/20260430_171103_323013_toy2_stag_hunt_action_channel_gate_b_argmax_seed01_05_stag_hunt_neural_policy_none_p0p75_prior_match_p0_counterfactual_adv_peer_well_mixed_interaction_well_mixed_action_argmax_r0p25_a0p0_seed01,1.0,4.0,0.9995898604393005,1,1.0,100
toy2_stag_hunt_action_channel_gate_b_argmax_seed01_05,stag_hunt,stag_hunt,basin sensitivity,3.0,4.0,2.0,0.0,neural_policy,none,none,2,0.75,match_p0,0.75,counterfactual_advantage,well_mixed,well_mixed_resampled,argmax,0.25,0.0,1.0,1.0,linear,0.0,True,/tmp/neural_abm_toy2_action_channel/runs/20260430_171107_242064_toy2_stag_hunt_action_channel_gate_b_argmax_seed01_05_stag_hunt_neural_policy_none_p0p75_prior_match_p0_counterfactual_adv_peer_well_mixed_interaction_well_mixed_action_argmax_r0p25_a0p0_seed02,1.0,4.0,0.999712347984314,1,1.0,100
toy2_stag_hunt_action_channel_gate_b_argmax_seed01_05,stag_hunt,stag_hunt,basin sensitivity,3.0,4.0,2.0,0.0,neural_policy,none,none,3,0.75,match_p0,0.75,counterfactual_advantage,well_mixed,well_mixed_resampled,argmax,0.25,0.0,1.0,1.0,linear,0.0,True,/tmp/neural_abm_toy2_action_channel/runs/20260430_171110_967587_toy2_stag_hunt_action_channel_gate_b_argmax_seed01_05_stag_hunt_neural_policy_none_p0p75_prior_match_p0_counterfactual_adv_peer_well_mixed_interaction_well_mixed_action_argmax_r0p25_a0p0_seed03,1.0,4.0,0.998734712600708,1,1.0,100
toy2_stag_hunt_action_channel_gate_b_argmax_seed01_05,stag_hunt,stag_hunt,basin sensitivity,3.0,4.0,2.0,0.0,neural_policy,none,none,4,0.75,match_p0,0.75,counterfactual_advantage,well_mixed,well_mixed_resampled,argmax,0.25,0.0,1.0,1.0,linear,0.0,True,/tmp/neural_abm_toy2_action_channel/runs/20260430_171114_678145_toy2_stag_hunt_action_channel_gate_b_argmax_seed01_05_stag_hunt_neural_policy_none_p0p75_prior_match_p0_counterfactual_adv_peer_well_mixed_interaction_well_mixed_action_argmax_r0p25_a0p0_seed04,1.0,4.0,0.9994854927062988,1,1.0,100
toy2_stag_hunt_action_channel_gate_b_argmax_seed01_05,stag_hunt,stag_hunt,basin sensitivity,3.0,4.0,2.0,0.0,neural_policy,none,none,5,0.75,match_p0,0.75,counterfactual_advantage,well_mixed,well_mixed_resampled,argmax,0.25,0.0,1.0,1.0,linear,0.0,True,/tmp/neural_abm_toy2_action_channel/runs/20260430_171118_560397_toy2_stag_hunt_action_channel_gate_b_argmax_seed01_05_stag_hunt_neural_policy_none_p0p75_prior_match_p0_counterfactual_adv_peer_well_mixed_interaction_well_mixed_action_argmax_r0p25_a0p0_seed05,1.0,4.0,0.9994154572486877,1,1.0,100
