prior,learning,p0,epoch,seeds,coop_mean,policy_pre_mean,policy_local_mean,policy_social_mean,local_loss_mean,revised_local_loss_mean,revision_mean
0.5,False,0.5,0,3,0.48333333333333334,0.5,0.5,0.5,0.0,0.0,0.0
0.5,False,0.5,1,3,0.49333333333333335,0.5,0.5,0.5,0.0,0.0,0.07666666666666667
0.5,False,0.5,5,3,0.49333333333333335,0.5,0.5,0.5,0.0,0.0,0.09666666666666668
0.5,False,0.5,10,3,0.5033333333333333,0.5,0.5,0.5,0.0,0.0,0.09333333333333334
0.5,False,0.5,25,3,0.49,0.5,0.5,0.5,0.0,0.0,0.11666666666666668
0.5,False,0.5,50,3,0.5533333333333333,0.5,0.5,0.5,0.0,0.0,0.11
0.5,False,0.6,0,3,0.5866666666666666,0.5,0.5,0.5,0.0,0.0,0.0
0.5,False,0.6,1,3,0.5866666666666666,0.5,0.5,0.5,0.0,0.0,0.07666666666666667
0.5,False,0.6,5,3,0.5599999999999999,0.5,0.5,0.5,0.0,0.0,0.09666666666666668
0.5,False,0.6,10,3,0.5466666666666667,0.5,0.5,0.5,0.0,0.0,0.09333333333333334
0.5,False,0.6,25,3,0.49666666666666665,0.5,0.5,0.5,0.0,0.0,0.11666666666666668
0.5,False,0.6,50,3,0.5533333333333333,0.5,0.5,0.5,0.0,0.0,0.11
0.5,False,0.7,0,3,0.71,0.5,0.5,0.5,0.0,0.0,0.0
0.5,False,0.7,1,3,0.6966666666666667,0.5,0.5,0.5,0.0,0.0,0.07666666666666667
0.5,False,0.7,5,3,0.6433333333333333,0.5,0.5,0.5,0.0,0.0,0.09666666666666668
0.5,False,0.7,10,3,0.6,0.5,0.5,0.5,0.0,0.0,0.09333333333333334
0.5,False,0.7,25,3,0.5066666666666667,0.5,0.5,0.5,0.0,0.0,0.11666666666666668
0.5,False,0.7,50,3,0.5566666666666666,0.5,0.5,0.5,0.0,0.0,0.11
0.5,True,0.5,0,3,0.48333333333333334,0.5,0.5,0.5,0.0,0.0,0.0
0.5,True,0.5,1,3,0.49333333333333335,0.5,0.5001220007737478,0.5001220007737478,0.0306602096060911,0.40595619045036696,0.07666666666666667
0.5,True,0.5,5,3,0.49333333333333335,0.5011434356371561,0.5008253256479899,0.5008253256479899,0.02183742215236023,0.2268700340583065,0.09666666666666668
0.5,True,0.5,10,3,0.5033333333333333,0.5010708967844645,0.5007322033246359,0.5007322033246359,0.013843012105983933,0.15000382853634278,0.09333333333333334
0.5,True,0.5,25,3,0.49,0.491559366385142,0.49049946665763855,0.49049946665763855,0.0031094297269980004,0.0310600361984646,0.11666666666666668
0.5,True,0.5,50,3,0.54,0.475622296333313,0.475047081708908,0.475047081708908,-0.0018417435892236669,-0.022865532905870265,0.11
0.5,True,0.6,0,3,0.5866666666666666,0.5,0.5,0.5,0.0,0.0,0.0
0.5,True,0.6,1,3,0.5866666666666666,0.5,0.5001198947429657,0.5001198947429657,0.0349923793971538,0.46821940996688166,0.07666666666666667
0.5,True,0.6,5,3,0.5599999999999999,0.5011709133783976,0.5008343656857809,0.5008343656857809,0.022974000523487664,0.23995463558581473,0.09666666666666668
0.5,True,0.6,10,3,0.5466666666666667,0.5011114478111267,0.5007679661115011,0.5007679661115011,0.014165987234252131,0.15463528998967516,0.09333333333333334
0.5,True,0.6,25,3,0.49666666666666665,0.49233754475911456,0.49152196447054547,0.49152196447054547,0.003148309073100467,0.0313665615505583,0.11666666666666668
0.5,True,0.6,50,3,0.54,0.4778289000193278,0.47723222772280377,0.47723222772280377,-0.0023936233172813333,-0.027226621605471735,0.11
0.5,True,0.7,0,3,0.71,0.5,0.5,0.5,0.0,0.0,0.0
0.5,True,0.7,1,3,0.6966666666666667,0.5,0.5001213351885477,0.5001213351885477,0.038024898270765904,0.5018640535992461,0.07666666666666667
0.5,True,0.7,5,3,0.6433333333333333,0.5013514161109924,0.5010713338851929,0.5010713338851929,0.0259686570614576,0.27538644555178315,0.09666666666666668
0.5,True,0.7,10,3,0.6,0.5015135606129965,0.5012378096580505,0.5012378096580505,0.014744375608861401,0.15966485455782722,0.09333333333333334
0.5,True,0.7,25,3,0.5066666666666667,0.4949837923049927,0.49457086126009625,0.49457086126009625,0.0015837446786463002,0.017548741776182333,0.11666666666666668
0.5,True,0.7,50,3,0.5499999999999999,0.48338645696640015,0.48286187648773193,0.48286187648773193,-0.002668260200880434,-0.030843657344921935,0.11
default,False,0.5,0,3,0.48333333333333334,0.501064270734787,0.501064270734787,0.501064270734787,0.0,0.0,0.0
default,False,0.5,1,3,0.48666666666666664,0.501064270734787,0.501064270734787,0.501064270734787,0.0,0.0,0.07666666666666667
default,False,0.5,5,3,0.4833333333333334,0.5005372961362203,0.5005372961362203,0.5005372961362203,0.0,0.0,0.09666666666666668
default,False,0.5,10,3,0.49666666666666665,0.5010086198647817,0.5010086198647817,0.5010086198647817,0.0,0.0,0.09333333333333334
default,False,0.5,25,3,0.49,0.5025502741336823,0.5025502741336823,0.5025502741336823,0.0,0.0,0.11666666666666668
default,False,0.5,50,3,0.5433333333333333,0.5018007059892019,0.5018007059892019,0.5018007059892019,0.0,0.0,0.11
default,False,0.6,0,3,0.5866666666666666,0.501155823469162,0.501155823469162,0.501155823469162,0.0,0.0,0.0
default,False,0.6,1,3,0.58,0.501155823469162,0.501155823469162,0.501155823469162,0.0,0.0,0.07666666666666667
default,False,0.6,5,3,0.5499999999999999,0.500330259402593,0.500330259402593,0.500330259402593,0.0,0.0,0.09666666666666668
default,False,0.6,10,3,0.54,0.5008254845937093,0.5008254845937093,0.5008254845937093,0.0,0.0,0.09333333333333334
default,False,0.6,25,3,0.49666666666666665,0.5027318994204203,0.5027318994204203,0.5027318994204203,0.0,0.0,0.11666666666666668
default,False,0.6,50,3,0.5433333333333333,0.5018040041128794,0.5018040041128794,0.5018040041128794,0.0,0.0,0.11
default,False,0.7,0,3,0.71,0.5011892716089884,0.5011892716089884,0.5011892716089884,0.0,0.0,0.0
default,False,0.7,1,3,0.69,0.5011892716089884,0.5011892716089884,0.5011892716089884,0.0,0.0,0.07666666666666667
default,False,0.7,5,3,0.6366666666666667,0.5010493497053782,0.5010493497053782,0.5010493497053782,0.0,0.0,0.09666666666666668
default,False,0.7,10,3,0.5966666666666667,0.5017373363176981,0.5017373363176981,0.5017373363176981,0.0,0.0,0.09333333333333334
default,False,0.7,25,3,0.51,0.5031127035617828,0.5031127035617828,0.5031127035617828,0.0,0.0,0.11666666666666668
default,False,0.7,50,3,0.5466666666666666,0.5018020570278168,0.5018020570278168,0.5018020570278168,0.0,0.0,0.11
default,True,0.5,0,3,0.48333333333333334,0.501064270734787,0.501064270734787,0.501064270734787,0.0,0.0,0.0
default,True,0.5,1,3,0.48666666666666664,0.501064270734787,0.500912606716156,0.500912606716156,0.0297321771085262,0.39170512364798293,0.07666666666666667
default,True,0.5,5,3,0.48333333333333334,0.5015697379906973,0.5009864866733551,0.5009864866733551,0.0209325684793293,0.21639092911624622,0.09666666666666668
default,True,0.5,10,3,0.49666666666666665,0.501420239607493,0.500658373037974,0.500658373037974,0.013128983507243236,0.1350180525191579,0.09333333333333334
default,True,0.5,25,3,0.4766666666666666,0.4890649616718292,0.48764220873514813,0.48764220873514813,0.0016686444279426999,0.018538410641464498,0.11666666666666668
default,True,0.5,50,3,0.5266666666666667,0.46637781461079914,0.46576250592867535,0.46576250592867535,-0.0014726553764194,-0.020430083506995333,0.11
default,True,0.6,0,3,0.5866666666666666,0.501155823469162,0.501155823469162,0.501155823469162,0.0,0.0,0.0
default,True,0.6,1,3,0.58,0.501155823469162,0.5009754300117493,0.5009754300117493,0.034056317657232237,0.45291533951377455,0.07666666666666667
default,True,0.6,5,3,0.5499999999999999,0.5015658140182495,0.5009525020917257,0.5009525020917257,0.022282718090961332,0.23200849170228377,0.09666666666666668
default,True,0.6,10,3,0.54,0.5015663504600525,0.5008037388324738,0.5008037388324738,0.0133799437891381,0.1387471644927493,0.09333333333333334
default,True,0.6,25,3,0.48333333333333334,0.49049683411916095,0.48943061629931134,0.48943061629931134,0.0017968455515801668,0.019503488189595363,0.11666666666666668
default,True,0.6,50,3,0.5266666666666667,0.4692390561103821,0.4686502118905385,0.4686502118905385,-0.0017999037060265333,-0.022975290914535765,0.11
default,True,0.7,0,3,0.71,0.5011892716089884,0.5011892716089884,0.5011892716089884,0.0,0.0,0.0
default,True,0.7,1,3,0.69,0.5011892716089884,0.5009703636169434,0.5009703636169434,0.036409970124562534,0.47616779747463406,0.07666666666666667
default,True,0.7,5,3,0.6366666666666667,0.5031261046727499,0.5026383300622305,0.5026383300622305,0.02523385931427277,0.2657727704800007,0.09666666666666668
default,True,0.7,10,3,0.6,0.5039762159188589,0.5032799243927002,0.5032799243927002,0.014783526745935268,0.1519416629741288,0.09333333333333334
default,True,0.7,25,3,0.5066666666666667,0.494170476992925,0.49323415756225586,0.49323415756225586,-0.00021119126351553337,0.0007398160569576003,0.11666666666666668
default,True,0.7,50,3,0.5333333333333333,0.47701883316040034,0.4765927493572235,0.4765927493572235,-0.0017554660808915667,-0.022822939177366105,0.11
match_p0,False,0.5,0,3,0.48333333333333334,0.5,0.5,0.5,0.0,0.0,0.0
match_p0,False,0.5,1,3,0.49333333333333335,0.5,0.5,0.5,0.0,0.0,0.07666666666666667
match_p0,False,0.5,5,3,0.49333333333333335,0.5,0.5,0.5,0.0,0.0,0.09666666666666668
match_p0,False,0.5,10,3,0.5033333333333333,0.5,0.5,0.5,0.0,0.0,0.09333333333333334
match_p0,False,0.5,25,3,0.49,0.5,0.5,0.5,0.0,0.0,0.11666666666666668
match_p0,False,0.5,50,3,0.5533333333333333,0.5,0.5,0.5,0.0,0.0,0.11
match_p0,False,0.6,0,3,0.5866666666666666,0.6000000238418579,0.6000000238418579,0.6000000238418579,0.0,0.0,0.0
match_p0,False,0.6,1,3,0.59,0.6000000238418579,0.6000000238418579,0.6000000238418579,0.0,0.0,0.07666666666666667
match_p0,False,0.6,5,3,0.59,0.6000000238418579,0.6000000238418579,0.6000000238418579,0.0,0.0,0.09666666666666668
match_p0,False,0.6,10,3,0.6066666666666666,0.6000000238418579,0.6000000238418579,0.6000000238418579,0.0,0.0,0.09333333333333334
match_p0,False,0.6,25,3,0.5966666666666667,0.6000000238418579,0.6000000238418579,0.6000000238418579,0.0,0.0,0.11666666666666668
match_p0,False,0.6,50,3,0.64,0.6000000238418579,0.6000000238418579,0.6000000238418579,0.0,0.0,0.11
match_p0,False,0.7,0,3,0.71,0.6999998688697815,0.6999998688697815,0.6999998688697815,0.0,0.0,0.0
match_p0,False,0.7,1,3,0.7066666666666667,0.6999998688697815,0.6999998688697815,0.6999998688697815,0.0,0.0,0.07666666666666667
match_p0,False,0.7,5,3,0.71,0.6999998688697815,0.6999998688697815,0.6999998688697815,0.0,0.0,0.09666666666666668
match_p0,False,0.7,10,3,0.7133333333333333,0.6999998688697815,0.6999998688697815,0.6999998688697815,0.0,0.0,0.09333333333333334
match_p0,False,0.7,25,3,0.6833333333333332,0.6999998688697815,0.6999998688697815,0.6999998688697815,0.0,0.0,0.11666666666666668
match_p0,False,0.7,50,3,0.73,0.6999998688697815,0.6999998688697815,0.6999998688697815,0.0,0.0,0.11
match_p0,True,0.5,0,3,0.48333333333333334,0.5,0.5,0.5,0.0,0.0,0.0
match_p0,True,0.5,1,3,0.49333333333333335,0.5,0.5001220007737478,0.5001220007737478,0.0306602096060911,0.40595619045036696,0.07666666666666667
match_p0,True,0.5,5,3,0.49333333333333335,0.5011434356371561,0.5008253256479899,0.5008253256479899,0.02183742215236023,0.2268700340583065,0.09666666666666668
match_p0,True,0.5,10,3,0.5033333333333333,0.5010708967844645,0.5007322033246359,0.5007322033246359,0.013843012105983933,0.15000382853634278,0.09333333333333334
match_p0,True,0.5,25,3,0.49,0.491559366385142,0.49049946665763855,0.49049946665763855,0.0031094297269980004,0.0310600361984646,0.11666666666666668
match_p0,True,0.5,50,3,0.54,0.475622296333313,0.475047081708908,0.475047081708908,-0.0018417435892236669,-0.022865532905870265,0.11
match_p0,True,0.6,0,3,0.5866666666666666,0.6000000238418579,0.6000000238418579,0.6000000238418579,0.0,0.0,0.0
match_p0,True,0.6,1,3,0.59,0.6000000238418579,0.6001735726992289,0.6001735726992289,0.03408907386163867,0.4458789910008381,0.07666666666666667
match_p0,True,0.6,5,3,0.5866666666666667,0.6011683742205302,0.6012240648269653,0.6012240648269653,0.024909885594000366,0.2582040329235971,0.09666666666666668
match_p0,True,0.6,10,3,0.6,0.6022017002105713,0.6018965641657511,0.6018965641657511,0.0160633134686698,0.17282575719773466,0.09333333333333334
match_p0,True,0.6,25,3,0.58,0.5976828138033549,0.5973867774009705,0.5973867774009705,0.006013736679839533,0.058162171762920996,0.11666666666666668
match_p0,True,0.6,50,3,0.6366666666666667,0.5885111490885416,0.5883194406827291,0.5883194406827291,0.0009556369716301667,0.006494805339174567,0.11
match_p0,True,0.7,0,3,0.71,0.6999998688697815,0.6999998688697815,0.6999998688697815,0.0,0.0,0.0
match_p0,True,0.7,1,3,0.7066666666666667,0.6999998688697815,0.7003140449523926,0.7003140449523926,0.03461736669143037,0.44237017670235074,0.07666666666666667
match_p0,True,0.7,5,3,0.71,0.702228844165802,0.7027931412061056,0.7027931412061056,0.0246718771817783,0.2590606980470013,0.09666666666666668
match_p0,True,0.7,10,3,0.7133333333333333,0.7048989534378052,0.7049737771352133,0.7049737771352133,0.017064649173989865,0.1857327198976594,0.09333333333333334
match_p0,True,0.7,25,3,0.69,0.7070157527923584,0.7071737249692281,0.7071737249692281,0.0043056136804322,0.03484283960270847,0.11666666666666668
match_p0,True,0.7,50,3,0.7400000000000001,0.7107107043266296,0.7110649545987447,0.7110649545987447,0.0028519340418279005,0.021578096442370336,0.11
