toy,device,agent_count,stage,batched_seconds_per_epoch,tensor_batched_seconds_per_epoch,speedup,tensor_minus_batched_seconds_per_epoch,tensor_share_of_steady_state_pct,tensor_share_of_hooked_step_pct
toy4,cpu,1024,build_observations,0.012563423300161957,0.012259721371810884,1.0247723352872753,-0.00030370192835107307,20.04524208036241,20.10691293353281
toy4,cpu,1024,build_step_context,4.986743830765288e-05,4.796849486107628e-05,1.0395873052109768,-1.898943446576594e-06,0.07763496788989953,0.07788389764911956
toy4,cpu,1024,cache_refresh,3.836207324638963e-05,8.30613619958361e-06,4.618522057020054,-3.0055937046806017e-05,0.013654264926083695,0.01369486554320159
toy4,cpu,1024,commit_actions,2.7366397747149068e-05,1.530666680385669e-05,1.7878744012546082,-1.2059730943292378e-05,0.025021955259304157,0.02509733086707795
toy4,cpu,1024,decision_selection,0.007544403496043136,0.007341061062955608,1.0276993245722519,-0.0002033424330875281,12.02927773869793,12.066223886742954
toy4,cpu,1024,finalize_hook_step,4.140726135422786e-05,2.4577773486574492e-05,1.6847442009686684,-1.682948786765337e-05,0.04027656096607448,0.0403983872547286
toy4,cpu,1024,hooked_step_total,0.3176015295088291,0.06094613732226814,5.211183898815942,-0.25665539218656097,99.6940725448979,100.0
toy4,cpu,1024,local_adam_update,0.06017464541752512,0.009852199147765835,6.1077374213625,-0.050322446269759284,16.22467076376643,16.273284966709088
toy4,cpu,1024,local_autograd_grad,0.004543260349115977,0.004263356126224002,1.0656534933054918,-0.00027990422289197493,6.965280963445072,6.986693084689211
toy4,cpu,1024,local_loss_forward,0.003974717568295697,0.0031984829227440057,1.2426883820551253,-0.0007762346455516913,5.187620099444587,5.203949165542745
toy4,cpu,1024,local_loss_update,0.11532996802125127,0.018282292271032927,6.3082881682175005,-0.09704767575021835,29.96014380671939,30.051374431417305
toy4,cpu,1024,local_optimizer_update,0.06633646793585891,0.015034881439836075,4.4121710038960025,-0.05130158649602284,24.693457649660004,24.768106731593864
toy4,cpu,1024,local_step,0.1505588434403762,0.047351564707544945,3.179595951480487,-0.10320727873283125,77.43183777202573,77.6700726748601
toy4,cpu,1024,local_trainable_parameters,0.0023811432726991676,0.0023785424535162744,1.0010934508144045,-2.600819182893132e-06,3.8346012107466603,3.8470583051036598
toy4,cpu,1024,local_training,0.11784995283233002,0.021002001874148846,5.611367599075893,-0.09684795095818118,34.34241806551364,34.44790292357723
toy4,cpu,1024,mobility_swaps,0.00013363922480493783,7.315943172822395e-05,1.8266848395075979,-6.047979307671388e-05,0.12075793661205247,0.12111418129245566
toy4,cpu,1024,policy_readout,0.005271049534591535,0.004598160910730561,1.1463386421059512,-0.0006728886238609741,7.498926640951638,7.522316937132691
toy4,cpu,1024,post_local_readout,0.004580090544186532,0.0006880944400715331,6.656194669601448,-0.0038919961041149987,1.1271164246599652,1.1305100946890123
toy4,cpu,1024,post_step_state_policy,0.00014827006962150335,0.00011294679328178367,1.3127426225514336,-3.5323276339719676e-05,0.18580065412685995,0.18636052642815817
toy4,cpu,1024,sample_actions,5.02890907227993e-06,2.7489188748101397e-06,1.8294134171665082,-2.2799901974697904e-06,0.0045310386563821225,0.004544516058342745
toy4,cpu,1024,sample_revision_mask,0.00016682551940903068,0.000189153632769982,0.8819577872548545,2.232811336095133e-05,0.3059274551020842,0.30691619964589206
toy4,cpu,1024,select_peers,0.000287304255956163,0.00016817350794250767,1.708379990826984,-0.00011913074801365534,0.27563052188091647,0.27646894702114205
toy4,cpu,1024,social_adam_update,0.14341913785707827,0.0043889308736349145,32.67746564855292,-0.13903020698344334,7.214697657342637,7.236425804845797
toy4,cpu,1024,social_autograd_grad,0.0028438142656038203,0.0015679934993386268,1.8136645762902266,-0.0012758207662651934,2.5536619422240587,2.5615676256668376
toy4,cpu,1024,social_distillation,0.1603045128829156,0.010605120686038088,15.115765075069875,-0.14969939219687753,17.360194764145643,17.413021178452322
toy4,cpu,1024,social_loss_forward,0.0025659874702493347,0.0010068516130559146,2.548525956532221,-0.00155913585719342,1.6310454995264425,1.6362187983680574
toy4,cpu,1024,social_loss_update,0.1531381936976686,0.0,inf,-0.1531381936976686,0.0,0.0
toy4,cpu,1024,social_mix,0.002124398205584536,0.001279597810935229,1.6602077523341974,-0.0008448003946493069,2.0883901991989995,2.094760114326573
toy4,cpu,1024,social_optimizer_update,0.1479328951216303,0.006424395348100613,23.026742145526114,-0.1415084997735297,10.538148683213064,10.570098216899638
toy4,cpu,1024,social_step,0.16038194051167617,0.010638643564501157,15.075412531615955,-0.14974329694717503,17.415427094676577,17.468418280407295
toy4,cpu,1024,social_trainable_parameters,0.0013983955645623305,0.0,inf,-0.0013983955645623305,0.0,0.0
toy4,cpu,1024,steady_state_total,0.31776835502823814,0.06113529095503812,5.197789199399419,-0.2566330640732,100.0,100.3069161996459
toy4,cpu,1024,update_payoff_ema,0.0001947910951760908,0.00011900633883972962,1.636812770439257,-7.578475633636117e-05,0.19602698232878144,0.19661050229393995
toy4,cpu,1024,update_reputation_ema,7.914833258837461e-05,6.499242347975571e-05,1.2178086052296277,-1.41559091086189e-05,0.10704923256942533,0.10736878697887144
toy4,cpu,2048,build_observations,0.02186972420507421,0.024620428207951284,0.8882755417719047,0.0027507040028770732,23.334362427746242,23.386486092886756
toy4,cpu,2048,build_step_context,5.133732144410412e-05,6.579119944944977e-05,0.7803068172293895,1.4453878005345652e-05,0.06262412392811328,0.06276569580396023
toy4,cpu,2048,cache_refresh,3.831760259345174e-05,1.45117014956971e-05,2.640462429909641,-2.380590109775464e-05,0.013685626250354075,0.013715757570409784
toy4,cpu,2048,commit_actions,2.5511606751630703e-05,2.4253521890689928e-05,1.0518722545373382,-1.2580848609407745e-06,0.0230203197446513,0.023072205139862408
toy4,cpu,2048,decision_selection,0.013228742537709573,0.01345974593811358,0.9828374620541773,0.00023100340040400728,12.753678991349512,12.782209611686815
toy4,cpu,2048,finalize_hook_step,4.398849171896775e-05,3.825750124330322e-05,1.149800438852961,-5.730990475664527e-06,0.036266173960719926,0.03634784538433749
toy4,cpu,2048,hooked_step_total,0.7031188289052807,0.105380873378211,6.672167409182438,-0.5977379555270697,99.77701940089447,100.0
toy4,cpu,2048,local_adam_update,0.10435125379978367,0.013931362649115424,7.490383850312696,-0.09041989115066826,13.202746370553278,13.232262978594983
toy4,cpu,2048,local_autograd_grad,0.004313887508275608,0.005092424736358225,0.8471185597453961,0.0007785372280826172,4.826103776529223,4.83692235911774
toy4,cpu,2048,local_loss_forward,0.004342793300747871,0.00458155800588429,0.9478856963439591,0.0002387647051364187,4.343026574129245,4.352760436053308
toy4,cpu,2048,local_loss_update,0.17783435852810117,0.02542276344805335,6.995083712731401,-0.1524115950800478,24.093600849173708,24.14751818994601
toy4,cpu,2048,local_optimizer_update,0.11102829750161618,0.020791791344527157,5.340006335281024,-0.09023650615708902,19.703835973747704,19.747915485985136
toy4,cpu,2048,local_step,0.23135772197662544,0.07937466248016184,2.9147553482126467,-0.1519830594964636,75.19754597498697,75.36550325639861
toy4,cpu,2048,local_trainable_parameters,0.0033849615642490487,0.003405034057019899,0.9941050537425702,2.0072492770850485e-05,3.2178453713494055,3.225001659797863
toy4,cpu,2048,local_training,0.18139669266917433,0.029462533999079218,6.156859850372797,-0.1519341586700951,27.91053978961312,27.972941850046187
toy4,cpu,2048,mobility_swaps,0.00013003067191069324,0.0001189321434746186,1.0933181569912862,-1.1098528436074637e-05,0.11262435981708518,0.11287639779859095
toy4,cpu,2048,policy_readout,0.006071445966760317,0.007168770166269193,0.8469299232562855,0.0010973241995088766,6.788709564647838,6.803819250005046
toy4,cpu,2048,post_local_readout,0.0053878030312868455,0.0017256853713964423,3.122123604099964,-0.003662117659890403,1.632125185826986,1.6357347313056776
toy4,cpu,2048,post_step_state_policy,0.00012418677797541023,0.00016719030681997538,0.7427869494200412,4.300352884456515e-05,0.15894476187695225,0.15930396521692194
toy4,cpu,2048,sample_actions,4.797040795286497e-06,3.6645641860862575e-06,1.3090344585858436,-1.1324766092002394e-06,0.003441938803411129,0.0034496330619782183
toy4,cpu,2048,sample_revision_mask,0.00020399105657512942,0.00023444081889465452,0.8701174886562411,3.0449762319525097e-05,0.2229805991055155,0.22348367109961578
toy4,cpu,2048,select_peers,0.00025959419241795937,0.0003553746268153191,0.7304803799424463,9.578043439735973e-05,0.33221564879335846,0.3329373610884571
toy4,cpu,2048,social_adam_update,0.44465266320621594,0.008279872274336715,53.702840874056385,-0.4363727909318792,7.843286069784418,7.860927274197594
toy4,cpu,2048,social_autograd_grad,0.0033484857335376243,0.002587501103213678,1.2941002148284315,-0.0007609846303239464,2.446213703440019,2.4516911402254693
toy4,cpu,2048,social_distillation,0.46510984209598977,0.020393417375938347,22.806861327947935,-0.4447164247200514,19.276996629306527,19.320179327744192
toy4,cpu,2048,social_loss_forward,0.0024678833472232026,0.001768641771438221,1.3953551177389492,-0.0006992415757849815,1.6696989661697295,1.6734328238165512
toy4,cpu,2048,social_loss_update,0.45554728386147564,0.0,inf,-0.45554728386147564,0.0,0.0
toy4,cpu,2048,social_mix,0.0021622393163852394,0.0025045142120992143,0.8633368123604739,0.00034227489571397483,2.3589170380800955,2.3641577678035524
toy4,cpu,2048,social_optimizer_update,0.4503029350074939,0.011845192534383387,38.015670382763844,-0.43845774247311053,11.215215451470543,11.240406234763404
toy4,cpu,2048,social_step,0.4651824951831562,0.020450440964971978,22.746819786425746,-0.4447320542181842,19.330894471799997,19.374197685456494
toy4,cpu,2048,social_trainable_parameters,0.0020368860374825695,0.0,inf,-0.0020368860374825695,0.0,0.0
toy4,cpu,2048,steady_state_total,0.7033228199618557,0.10561531419710567,6.659288241563835,-0.5977075057647501,100.0,100.2234836710996
toy4,cpu,2048,update_payoff_ema,0.00026144067524001006,0.00028500513872131705,0.9173191627806095,2.3564463481306997e-05,0.27045974001985956,0.271069634311288
toy4,cpu,2048,update_reputation_ema,0.00011214556482930979,0.00011043553240597248,1.0154844404339995,-1.7100324233373124e-06,0.10493439922200755,0.10517151441410588
toy4,cuda,1024,build_observations,0.013070846775857112,0.0124492828346168,1.0499276905744301,-0.0006215639412403117,22.944947369172198,23.02970528933235
toy4,cuda,1024,build_step_context,6.333669880405068e-05,5.548165257399281e-05,1.1415791683490688,-7.855046230057873e-06,0.1023071177498469,0.10268514897677145
toy4,cuda,1024,cache_refresh,5.1996461115777494e-05,2.204910463963946e-05,2.3582119077206993,-2.9947356476138033e-05,0.040804748722458435,0.040955366030357536
toy4,cuda,1024,commit_actions,4.248645079011718e-05,2.7988928680618602e-05,1.5179734556806252,-1.449752210949858e-05,0.051100402645023406,0.05129148681334423
toy4,cuda,1024,decision_selection,0.006460009414392213,0.006716733061087628,0.9617784949378584,0.0002567236466954146,12.363056191173476,12.408861438356482
toy4,cuda,1024,finalize_hook_step,4.962487922360499e-05,3.453984002893169e-05,1.4367431691066774,-1.50850391946733e-05,0.06323421520781551,0.0634692103621728
toy4,cuda,1024,hooked_step_total,0.36508352023471763,0.054105486561699466,6.747624750003732,-0.3109780336730182,99.63145071953409,100.0
toy4,cuda,1024,local_adam_update,0.06880471934564412,0.0033329717970142763,20.6436548329873,-0.06547174754862985,6.132201100931646,6.154912059533079
toy4,cuda,1024,local_autograd_grad,0.009607466345187277,0.005931775570691873,1.619661133616806,-0.0036756907744954033,11.03712399090258,11.077594277563689
toy4,cuda,1024,local_loss_forward,0.013895784326208133,0.003017369797453284,4.605263941442123,-0.010878414528754848,5.533896810767275,5.554514508896349
toy4,cuda,1024,local_loss_update,0.12206759493953238,0.013273740699514746,9.196171426189972,-0.10879385424001764,24.52656366298731,24.617142369670756
toy4,cuda,1024,local_optimizer_update,0.07978933439978088,0.010185395173418025,7.833700415278546,-0.06960393922636285,18.862570971881862,18.93204734403899
toy4,cuda,1024,local_step,0.15117352469048154,0.04085922552815949,3.6998627050895836,-0.11031429916232205,75.3330498668377,75.6117902850851
toy4,cuda,1024,local_trainable_parameters,0.0004540945364472767,0.00042490436850736534,1.068698206239801,-2.9190167939911337e-05,0.7805090932244916,0.7834245278689518
toy4,cuda,1024,local_training,0.12265787945749858,0.01395640338305384,8.788645332968262,-0.10870147607444473,25.77906920572705,25.874332855046674
toy4,cuda,1024,mobility_swaps,0.00012797679907331863,9.675938636064529e-05,1.3226292961007278,-3.1217412712673345e-05,0.17693480547610344,0.177594148937543
toy4,cuda,1024,policy_readout,0.004192427495339265,0.0043546308026028175,0.962751536326202,0.0001622033072635528,7.9968182726661645,8.02655060234804
toy4,cuda,1024,post_local_readout,0.001835036266129464,0.0007899587663511436,2.322951961917686,-0.0010450774997783204,1.4684999229901188,1.4739183681264851
toy4,cuda,1024,post_step_state_policy,0.00014515853254124523,0.00012722232689460117,1.1409831598309275,-1.7936205646644054e-05,0.2332853988595882,0.23415483594502703
toy4,cuda,1024,sample_actions,1.906363759189844e-05,1.2012881537278492e-05,1.5869329546570465,-7.050756054619949e-06,0.021943106172517175,0.022025204109636373
toy4,cuda,1024,sample_revision_mask,0.00024875393913437925,0.00020066514844074845,1.239646949494223,-4.80887906936308e-05,0.3685492804659097,0.36992462515491703
toy4,cuda,1024,select_peers,0.0004273703748670717,0.000355969334486872,1.2005819981182477,-7.140104038019969e-05,0.6500511560119443,0.6524909763459346
toy4,cuda,1024,social_adam_update,0.18049928476490704,0.002290701804061731,78.79650002669787,-0.1782085829608453,4.212004363942364,4.227355644629522
toy4,cuda,1024,social_autograd_grad,0.0038509667928641046,0.0018532801691132285,2.0779193869574204,-0.001997686623750876,3.4133169623136754,3.4258635297668527
toy4,cuda,1024,social_distillation,0.19949116537269826,0.008857896854169668,22.52127888334938,-0.1906332685185286,16.265425479659218,16.325325009841716
toy4,cuda,1024,social_loss_forward,0.0009718079818412662,0.0006663975693906348,1.4583006098445164,-0.00030541041245063137,1.2243519807940955,1.228881440343096
toy4,cuda,1024,social_loss_update,0.19251825769121447,0.0,inf,-0.19251825769121447,0.0,0.0
toy4,cuda,1024,social_mix,0.004411846686465045,0.0017616585905974112,2.504371000154409,-0.0026501880958676336,3.227360553486618,3.2394078066242664
toy4,cuda,1024,social_optimizer_update,0.18644201707017297,0.004882300998239468,38.18732543065308,-0.1815597160719335,8.98425845720426,9.017087293242115
toy4,cuda,1024,social_step,0.19957636481849475,0.008918384144393107,22.378085714548,-0.19065798067410164,16.3759176790699,16.436231648214484
toy4,cuda,1024,social_trainable_parameters,0.00019085205082471174,0.0,inf,-0.00019085205082471174,0.0,0.0
toy4,cuda,1024,steady_state_total,0.36533227417385206,0.054306151710140214,6.72727237466241,-0.31102612246371186,100.0,100.36992462515491
toy4,cuda,1024,update_payoff_ema,0.00020758764973531166,0.00014621083003779254,1.4197829920099247,-6.137681969751912e-05,0.2671859980854315,0.26818321481583596
toy4,cuda,1024,update_reputation_ema,9.087754103044668e-05,7.524867154036959e-05,1.2076962844678591,-1.56288694900771e-05,0.13775296655378352,0.13826466131529414
toy4,cuda,2048,build_observations,0.025304017619540292,0.023341906582936642,1.0840595874048262,-0.0019621110366036497,34.013445792185536,34.0950329939076
toy4,cuda,2048,build_step_context,5.3010904230177404e-05,5.169340486948688e-05,1.0254867978616786,-1.3174993606905215e-06,0.07189493549407666,0.07207411598052381
toy4,cuda,2048,cache_refresh,8.431430129955213e-05,2.2746401373296977e-05,3.7067094665151066,-6.156789992625515e-05,0.032090685962833994,0.032168733167938814
toy4,cuda,2048,commit_actions,4.846220447992285e-05,2.3929995950311423e-05,2.025165594701748,-2.453220852961143e-05,0.032441208143424376,0.03252255339744873
toy4,cuda,2048,decision_selection,0.013041292030053836,0.012664535315707326,1.0297489568274356,-0.0003767567143465097,18.77909752719675,18.823665073130794
toy4,cuda,2048,finalize_hook_step,5.955098507304986e-05,5.849153967574239e-05,1.0181127972212851,-1.0594453973074736e-06,0.07108362100337078,0.0712735354961122
toy4,cuda,2048,hooked_step_total,1.1194467042922043,0.0715898609914196,15.636944796224363,-1.0478568433007847,99.754201675746,100.0
toy4,cuda,2048,local_adam_update,0.11395924057190616,0.0033654781873337924,33.86123285564577,-0.11059376238457237,4.391861208752897,4.403118470643296
toy4,cuda,2048,local_autograd_grad,0.005997310970754673,0.004139786675417175,1.4487004865172943,-0.0018575242953374985,5.590864126166455,5.604938049097313
toy4,cuda,2048,local_loss_forward,0.003652064467314631,0.0028902515070512893,1.2635801619356521,-0.0007618129602633417,3.9850066293767585,3.9948901289600656
toy4,cuda,2048,local_loss_update,0.22729934011974062,0.011924651699761549,19.061298043974386,-0.2153746884199791,16.072553567311175,16.112991608711496
toy4,cuda,2048,local_optimizer_update,0.12298659067212914,0.008961569226812571,13.723778454353658,-0.11402502144531657,11.987040087655751,12.01734591227459
toy4,cuda,2048,local_step,0.2800209751740719,0.057004027227715894,4.912301617839433,-0.223016947946356,80.99049689422557,81.1877646998625
toy4,cuda,2048,local_trainable_parameters,0.0005756496878651282,0.0005739049714369079,1.0030400789591558,-1.744716428220272e-06,0.7988019277299209,0.8007697875943305
toy4,cuda,2048,local_training,0.22806762255107363,0.013026742707006633,17.5076477428547,-0.215040879844067,17.610376466075515,17.654601120157952
toy4,cuda,2048,mobility_swaps,0.0001773973306020101,8.843711111694574e-05,2.0059150322925734,-8.896021948506436e-05,0.11877029411917743,0.11906898533629769
toy4,cuda,2048,policy_readout,0.004464140763351073,0.0036213297008847196,1.2327352470172621,-0.000842811062466353,4.892084673954122,4.904416051936474
toy4,cuda,2048,post_local_readout,0.003211025420265893,0.0010361455652552346,3.0990099537557914,-0.0021748798550106584,1.2989089267923795,1.3023030834238023
toy4,cuda,2048,post_step_state_policy,0.00020565247784058252,0.00012084386544302106,1.7018032076899217,-8.480861239756146e-05,0.16512298058459143,0.16553820205672268
toy4,cuda,2048,sample_actions,2.2614301027109226e-05,9.79097094386816e-06,2.309709747557978,-1.2823330083241065e-05,0.01394713511917856,0.013981119661872854
toy4,cuda,2048,sample_revision_mask,0.0002195191957677404,0.00018533932355542979,1.1844178102985703,-3.417987221231061e-05,0.24579832425399828,0.24642364741129272
toy4,cuda,2048,select_peers,0.0005753418779931963,0.00041296913598974546,1.3931837221062515,-0.00016237274200345085,0.5441485501920593,0.5455405101995563
toy4,cuda,2048,social_adam_update,0.8049275441056428,0.002016498357988894,399.17093952331203,-0.8029110457476539,2.555212239986243,2.5618670164521316
toy4,cuda,2048,social_autograd_grad,0.004645552136935294,0.00188520944211632,2.4642100941952827,-0.002760342694818974,2.334896675208628,2.341066488787915
toy4,cuda,2048,social_distillation,0.8279212260230754,0.009474540397059172,87.38378763787382,-0.8184466856260162,12.19262142670962,12.224096471778948
toy4,cuda,2048,social_loss_forward,0.0014647453053233525,0.0008289656951092184,1.7669552720518409,-0.000635779610214134,1.0477149105748909,1.0504456699124194
toy4,cuda,2048,social_loss_update,0.818194716644939,0.0,inf,-0.818194716644939,0.0,0.0
toy4,cuda,2048,social_mix,0.003107581737761696,0.0019853761846510072,1.5652357280129015,-0.0011222055531106886,2.6538461738277728,2.6605418574283526
toy4,cuda,2048,social_optimizer_update,0.8127840985893272,0.004827674757689237,168.3593322633784,-0.807956423831638,6.117623604406435,6.133558379609382
toy4,cuda,2048,social_step,0.8280394816383098,0.009535581346911688,86.83681167551352,-0.8185039002913981,12.27526161665911,12.306945071032365
toy4,cuda,2048,social_trainable_parameters,0.00025223270058631896,0.0,inf,-0.00025223270058631896,0.0,0.0
toy4,cuda,2048,steady_state_total,1.119666223487972,0.07177520031497503,15.5996251988776,-1.047891023172997,100.0,100.24642364741129
toy4,cuda,2048,update_payoff_ema,0.00040881833604847396,0.00016472582162047424,2.481810878384235,-0.00024409251442799972,0.21841190886363104,0.218965707710665
toy4,cuda,2048,update_reputation_ema,0.0001407589646987617,8.318906960388024e-05,1.6920367708042763,-5.7569895094881465e-05,0.11068827004545216,0.11096859974641343
toy5,cpu,1024,build_observations,0.0050670334332001705,0.005468699056655168,0.9265518875158822,0.00040166562345499753,7.473021746239163,7.4874499689154534
toy5,cpu,1024,build_step_context,0.0030678009847179056,0.0032674702000804246,0.9388918021784546,0.00019966921536251903,4.473898604213644,4.482658037530606
toy5,cpu,1024,cache_refresh,5.6304774867991604e-05,1.4138636955370507e-05,3.982334014638126,-4.21661379126211e-05,0.019389492836254373,0.019429495698052995
toy5,cpu,1024,commit_actions,0.00025262374353284635,0.00024135494216655692,1.046689747743027,-1.1268801366289422e-05,0.3267811576554375,0.32740789790325037
toy5,cpu,1024,decision_selection,0.0008585313373866182,0.0012866111899105211,0.6672811056822269,0.00042807985252390297,1.7433203175977081,1.7466700814664853
toy5,cpu,1024,finalize_hook_step,1.3582893492033085e-05,1.7479993402957916e-05,0.7770536966984567,3.8970999109248315e-06,0.023808999449585897,0.0238554785201608
toy5,cpu,1024,hooked_step_total,0.28659653339612606,0.07342426767572761,3.903294407536438,-0.21317226572039844,99.80687130808042,100.0
toy5,cpu,1024,local_adam_update,0.06113927703894054,0.010814224579371512,5.653597869195885,-0.050325052459569024,14.799728403004517,14.829441146810467
toy5,cpu,1024,local_autograd_grad,0.0036324417567811904,0.006354862067382783,0.5716004089884508,0.0027224203106015923,8.721371721965276,8.738727967885433
toy5,cpu,1024,local_loss_forward,0.003114837384782732,0.004640626472731431,0.6712105365699399,0.0015257890879486996,6.410097851495485,6.422252122081346
toy5,cpu,1024,local_loss_update,0.08742910849784191,0.023060605201559763,3.791275542583263,-0.06436850329628215,31.645161543064575,31.707824973276004
toy5,cpu,1024,local_optimizer_update,0.06639454167258615,0.01832809142457942,3.6225562244602196,-0.04806645024800674,25.108777838790264,25.15903172929767
toy5,cpu,1024,local_step,0.10556518106798951,0.04269410364795476,2.4725939192553246,-0.06287107742003475,58.392223724954384,58.50748854004271
toy5,cpu,1024,local_trainable_parameters,0.0012380709638819098,0.002242804501050462,0.5520191186088822,0.0010047335371685523,3.0566635366728327,3.062828693307098
toy5,cpu,1024,local_training,0.08879635039484128,0.02562613931562131,3.4650693692558034,-0.06317021107921997,35.14104160070957,35.21076234016302
toy5,cpu,1024,mobility_swaps,0.0,0.0,1.0,0.0,0.0,0.0
toy5,cpu,1024,policy_readout,0.004427126453568538,0.0066932808297375836,0.6614284632880266,0.002266154376169046,9.087280179328575,9.104659213709903
toy5,cpu,1024,post_local_readout,0.004274375546568384,0.0009885889012366533,4.323713872592995,-0.0032857866453317305,1.3619685023774661,1.364784573497765
toy5,cpu,1024,post_step_state_policy,7.93156175253292e-05,9.774957628299793e-05,0.8114164842587145,1.8433958757668734e-05,0.13408876387252092,0.134343750455736
toy5,cpu,1024,sample_actions,5.281724346180757e-06,4.126108251512051e-06,1.2800741096032127,-1.155616094668706e-06,0.005639057529539562,0.0056504232792101506
toy5,cpu,1024,sample_revision_mask,6.881513011952241e-05,0.00014211054270466168,0.48423662882307084,7.329541258513927e-05,0.1931286919195694,0.1935764823216095
toy5,cpu,1024,select_peers,0.0003155780374072492,0.00026959465273345513,1.1705648988493005,-4.598338467379405e-05,0.36914903677205685,0.3698980205705574
toy5,cpu,1024,social_adam_update,0.15315825083137802,0.006995539704803377,21.893700456908896,-0.14616271112657464,9.426561345605842,9.443732373174457
toy5,cpu,1024,social_autograd_grad,0.003035836139072974,0.0030010200260827936,1.0116014264108812,-3.4816112990180594e-05,4.034659912755127,4.041977009236734
toy5,cpu,1024,social_distillation,0.17146332554596788,0.02290494996123016,7.485863354261573,-0.14855837558473772,30.755637872300326,30.81253238314552
toy5,cpu,1024,social_loss_forward,0.0024682507112932703,0.003821753240966548,0.6458425114513757,0.0013535025296732778,5.00315032765977,5.012117323627597
toy5,cpu,1024,social_loss_update,0.16439184203821544,0.0,inf,-0.16439184203821544,0.0,0.0
toy5,cpu,1024,social_mix,0.003073452832177281,0.0039796330810834965,0.7722955281446453,0.0009061802489062154,5.420340028944359,5.430609208380548
toy5,cpu,1024,social_optimizer_update,0.15831074013840407,0.011113818796972435,14.244495346777672,-0.14719692134143164,14.975917265394985,15.003338130275361
toy5,cpu,1024,social_step,0.17156912276210887,0.02296856218405689,7.46973717323933,-0.148600560578052,30.84244091870549,30.899507097416404
toy5,cpu,1024,social_trainable_parameters,0.0013278270528341333,0.0,inf,-0.0013278270528341333,0.0,0.0
toy5,cpu,1024,steady_state_total,0.2866653485262456,0.07356637821843226,3.8966897034822465,-0.21309897030781333,100.0,100.1935764823216
toy5,cpu,1024,update_payoff_ema,0.0,0.0,1.0,0.0,0.0,0.0
toy5,cpu,1024,update_reputation_ema,0.00013059170839066307,0.00014662760077044368,0.8906352399171696,1.6035892379780603e-05,0.2004230657533559,0.20082617840909633
toy5,cpu,2048,build_observations,0.01015579216570283,0.009036671672947706,1.1238421105975707,-0.0011191204927551244,17.98776383728601,18.001195259562664
toy5,cpu,2048,build_step_context,0.006239926772347341,0.006064797778769085,1.028876312115686,-0.00017512899357825622,12.08308473098473,12.092095290840073
toy5,cpu,2048,cache_refresh,6.359904073178768e-05,6.044857824842134e-06,10.521180576062369,-5.755418290694554e-05,0.012257117837758067,0.012266128364403795
toy5,cpu,2048,commit_actions,0.0002717130351811647,6.395201198756695e-05,4.248701905328468,-0.00020776102319359775,0.12767764877370127,0.1277714092508023
toy5,cpu,2048,decision_selection,0.0014024955259325604,0.0011584681381161014,1.210646611492739,-0.00024402738781645903,2.3013882410858453,2.303123586064065
toy5,cpu,2048,finalize_hook_step,1.424716707939903e-05,5.757552571594715e-06,2.474517931401689,-8.489614507804315e-06,0.01166158210228709,0.011670174104613974
toy5,cpu,2048,hooked_step_total,0.7655773259388904,0.05118152949338158,14.9580783051411,-0.7143957964455088,99.9253309595516,100.0
toy5,cpu,2048,local_adam_update,0.12250340154084066,0.007640575501136482,16.033268897430453,-0.11486282603970419,14.724245952492453,14.735251285917485
toy5,cpu,2048,local_autograd_grad,0.007707541866693646,0.0034018990428497393,2.265658612913189,-0.0043056428238439064,6.451549214636867,6.45637825619112
toy5,cpu,2048,local_loss_forward,0.005392241842734316,0.0025134829920716584,2.145326568647251,-0.002878758850662658,4.964825824535324,4.9685046607494305
toy5,cpu,2048,local_loss_update,0.18197701327347507,0.014761963079217821,12.327426392880351,-0.16721505019425725,28.50949125567823,28.530760216830156
toy5,cpu,2048,local_optimizer_update,0.1334652046634195,0.01218755510635674,10.950941636670606,-0.12127764955706274,23.419395312230005,23.43689456130208
toy5,cpu,2048,local_step,0.21193195442125823,0.03194197408932572,6.634904712795477,-0.1799899803319325,62.268546373447485,62.31502828709129
toy5,cpu,2048,local_trainable_parameters,0.0017283689929172396,0.0012496376992203295,1.3830960717619185,-0.00047873129369691014,2.42111227168126,2.4229015529585487
toy5,cpu,2048,local_training,0.18389132643351333,0.016374353680294006,11.230447932416439,-0.16751697275321933,31.66457462884307,31.688169589399475
toy5,cpu,2048,mobility_swaps,0.0,0.0,1.0,0.0,0.0,0.0
toy5,cpu,2048,policy_readout,0.006849787562775115,0.0030221432602653905,2.2665330438946825,-0.0038276443025097246,5.824930037880464,5.829291672651387
toy5,cpu,2048,post_local_readout,0.006362403836101294,0.0009944831021130084,6.397699289794771,-0.005367920733988286,1.8705576176086456,1.8719554379207939
toy5,cpu,2048,post_step_state_policy,6.980194399754206e-05,3.782941106085976e-05,1.8451765977864432,-3.19725329366823e-05,0.0763880763245831,0.07644378241782962
toy5,cpu,2048,sample_actions,5.165534093976021e-06,1.922630084057649e-06,2.686702000976874,-3.2429040099183717e-06,0.0038533956836206544,0.003856253347819161
toy5,cpu,2048,sample_revision_mask,9.112086457510789e-05,3.828715610628327e-05,2.379932955118443,-5.2833708468824616e-05,0.07466904044839855,0.0747252835789909
toy5,cpu,2048,select_peers,0.000461960001848638,0.0001228018741433819,3.7618318537163318,-0.0003391581277052561,0.24365949800092213,0.24384111216247392
toy5,cpu,2048,social_adam_update,0.5116107296664268,0.004385777430919309,116.6522327511698,-0.5072249522355076,8.40130886571425,8.407624538700299
toy5,cpu,2048,social_autograd_grad,0.00392578620230779,0.0013567178083273273,2.8935908250130664,-0.0025690683939804627,2.6930110535106944,2.695036031739811
toy5,cpu,2048,social_distillation,0.53977558054418,0.01122766719199717,48.07548810575005,-0.5285479133521828,21.821394267115934,21.83779032309704
toy5,cpu,2048,social_loss_forward,0.0031835695224193238,0.0010383285970116654,3.066052049015806,-0.002145240925407658,2.0468277840050098,2.0483729371204165
toy5,cpu,2048,social_loss_update,0.5281306692903551,0.0,inf,-0.5281306692903551,0.0,0.0
toy5,cpu,2048,social_mix,0.00526473616094639,0.001982963636207084,2.6549837146870328,-0.003281772524739306,3.8720669437849033,3.8749835256153085
toy5,cpu,2048,social_optimizer_update,0.518985585992535,0.006622382633698483,78.36840827523896,-0.5123632033588364,12.849319709264519,12.858965999941717
toy5,cpu,2048,social_step,0.5398909118530961,0.011260090896394103,47.94729605832837,-0.528630820956702,21.884782127422373,21.90122561288268
toy5,cpu,2048,social_trainable_parameters,0.002687047387007624,0.0,inf,-0.002687047387007624,0.0,0.0
toy5,cpu,2048,steady_state_total,0.7656684468034655,0.05121981664948786,14.948676057221327,-0.7144486301539776,100.0,100.07472528357899
toy5,cpu,2048,update_payoff_ema,0.0,0.0,1.0,0.0,0.0,0.0
toy5,cpu,2048,update_reputation_ema,0.00021923643071204422,7.151655542353789e-05,3.0655339790021268,-0.00014771987528850632,0.14273983108349514,0.1428446525085589
toy5,cuda,1024,build_observations,0.005337971697251001,0.005470896558836103,0.9757032763907018,0.00013292486158510142,10.334434110632715,10.351351646724604
toy5,cuda,1024,build_step_context,0.003340378306650867,0.0032091278311175606,1.0408991110483745,-0.0001312504755333066,6.145892891150709,6.155974207823366
toy5,cuda,1024,cache_refresh,7.229900996511182e-05,1.8956869219740235e-05,3.8138686893416534,-5.334214074537158e-05,0.03483418974304902,0.034891114098208914
toy5,cuda,1024,commit_actions,0.00039819430482263365,0.00021117900032550097,1.885577184326455,-0.00018701530449713268,0.3798657545858612,0.38049400624160373
toy5,cuda,1024,decision_selection,0.00147347713354975,0.0015241663049285611,0.9667430179929172,5.068917137881113e-05,2.7904714151729295,2.795075135660383
toy5,cuda,1024,finalize_hook_step,2.994185003141562e-05,2.0313072794427475e-05,1.4740187432218343,-9.628777236988145e-06,0.0367121536973522,0.03677254088363783
toy5,cuda,1024,hooked_step_total,0.4962328684244615,0.05568739019411926,8.91104551128462,-0.44054547823034224,99.83498037792445,100.0
toy5,cuda,1024,local_adam_update,0.060259954134623206,0.003966034750919789,15.194005579665665,-0.056293919383703414,7.2641563026323865,7.2760653330261365
toy5,cuda,1024,local_autograd_grad,0.005694299944055577,0.007165127367867778,0.7947241760965521,0.0014708274238122016,12.622093499524993,12.643055812233696
toy5,cuda,1024,local_loss_forward,0.003657865012064576,0.002562615453886489,1.4273952053621701,-0.001095249558178087,4.758605530336253,4.766426746370654
toy5,cuda,1024,local_loss_update,0.10666557343987126,0.014939652662724255,7.139762606798164,-0.091725920777147,26.87391795471977,26.918281744561643
toy5,cuda,1024,local_optimizer_update,0.06778651501517742,0.012268409164001544,5.525289718415923,-0.05551810585117588,21.916846011237634,21.953063602866468
toy5,cuda,1024,local_step,0.12471161937573925,0.030256698901454607,4.12178538649977,-0.09445492047428465,54.669478505085635,54.759617072278424
toy5,cuda,1024,local_trainable_parameters,0.00038663170610864954,0.000298332201782614,1.2959771147681094,-8.829950432603554e-05,0.5524232083490156,0.553325264143534
toy5,cuda,1024,local_training,0.10722906933709359,0.015498780086636544,6.918548991449289,-0.09173028925045704,27.89352574478504,27.939563019806585
toy5,cuda,1024,mobility_swaps,0.0,0.0,1.0,0.0,0.0,0.0
toy5,cuda,1024,policy_readout,0.0037023930655171473,0.0035904066132692,1.031190465122829,-0.00011198645224794711,6.40882127318131,6.419468987278652
toy5,cuda,1024,post_local_readout,0.0032962377415969965,0.0009854405575121443,3.344938176604706,-0.0023107971840848522,1.6766809506939138,1.6794415618991458
toy5,cuda,1024,post_step_state_policy,0.00012826087186113,7.636743054414788e-05,1.6795232070428585,-5.189344131698212e-05,0.1429547284182686,0.1431916032935253
toy5,cuda,1024,sample_actions,2.262613270431757e-05,1.4684745110571384e-05,1.5407916537842572,-7.941387593746185e-06,0.02759042477475167,0.027636746758726283
toy5,cuda,1024,sample_revision_mask,9.268361997480194e-05,9.25806622641782e-05,1.0011120865643621,-1.0295771062374386e-07,0.16501962207555113,0.16529622952622017
toy5,cuda,1024,select_peers,0.0005091476642216246,0.0009233788625958064,0.5513962738873041,0.0004142311983741818,1.4923819832410468,1.4947815879632307
toy5,cuda,1024,social_adam_update,0.29477568572619933,0.002658062238090982,110.8987146734032,-0.2921176234881083,4.824856271971513,4.8328537750181395
toy5,cuda,1024,social_autograd_grad,0.004437015434571852,0.0030324793226706483,1.4631642832321954,-0.001404536111901204,5.316161952981396,5.325036416642248
toy5,cuda,1024,social_distillation,0.3578263987437822,0.015177111533315232,23.576712733402434,-0.34264928721046695,27.08233703988277,27.12751366872524
toy5,cuda,1024,social_loss_forward,0.001292206859216094,0.0015658041501107316,0.8252672335328214,0.0002735972908946376,2.613671268532729,2.6180393720332904
toy5,cuda,1024,social_loss_update,0.3492621780373156,0.0,inf,-0.3492621780373156,0.0,0.0
toy5,cuda,1024,social_mix,0.045263809567162146,0.004805009831519176,9.420128398124694,-0.04045879973564297,8.78050297084211,8.795301825185348
toy5,cuda,1024,social_optimizer_update,0.30203596513795977,0.006745778656719874,44.77406990475201,-0.2952901864812399,12.066459115498292,12.086523467348655
toy5,cuda,1024,social_step,0.3579773415772555,0.015366948927597454,23.295277628883454,-0.3426103926496581,27.382279246314805,27.427935192694946
toy5,cuda,1024,social_trainable_parameters,0.00023212375429769355,0.0,inf,-0.00023212375429769355,0.0,0.0
toy5,cuda,1024,steady_state_total,0.49632555204443635,0.05577997085638344,8.897917019754717,-0.4405455811880529,100.0,100.16529622952623
toy5,cuda,1024,update_payoff_ema,0.0,0.0,1.0,0.0,0.0,0.0
toy5,cuda,1024,update_reputation_ema,0.00021184869886686406,0.0001259392825886607,1.6821494811813262,-8.590941627820335e-05,0.23034248061438478,0.23072372083019257
toy5,cuda,2048,build_observations,0.009257724473718554,0.00979733131825924,0.9449230788454583,0.0005396068445406854,27.862901243458353,27.898092161306124
toy5,cuda,2048,build_step_context,0.005931007827166468,0.006186661869287491,0.9586765775271849,0.00025565404212102294,17.60065697617714,17.622915880458315
toy5,cuda,2048,cache_refresh,3.5059292955944935e-05,1.1107131528357664e-05,3.156466893944211,-2.395216142758727e-05,0.031942357776480794,0.03198373589512791
toy5,cuda,2048,commit_actions,0.0001353604292186598,5.541862919926643e-05,2.4425077121981853,-7.994180001939338e-05,0.15666370101574653,0.15685902697712786
toy5,cuda,2048,decision_selection,0.0011801192614560325,0.0012119958720480401,0.9736990765998713,3.187661059200764e-05,3.440282215059344,3.4446100873822996
toy5,cuda,2048,finalize_hook_step,1.1719802084068457e-05,1.1046995253612599e-05,1.0609040571675665,-6.72806830455858e-07,0.03151230593268679,0.03155239826823173
toy5,cuda,2048,hooked_step_total,0.46885717974898095,0.035209975422670445,13.316032576583412,-0.4336472043263105,99.87458088310397,100.0
toy5,cuda,2048,local_adam_update,0.05711968024261296,0.0016645694655987124,34.314987402504194,-0.055455110777014247,4.702902596607376,4.7087532908678496
toy5,cuda,2048,local_autograd_grad,0.0025020090591472885,0.0019011546003942688,1.3160471318999583,-0.0006008544587530198,5.40948999890782,5.416334844459601
toy5,cuda,2048,local_loss_forward,0.0016326380738367636,0.0014652517895835141,1.1142372153668059,-0.00016738628425324946,4.15170001502601,4.1568979926129215
toy5,cuda,2048,local_loss_update,0.1279554399390084,0.006069635615373652,21.081239146368652,-0.12188580432363474,17.198039366593978,17.219581137162205
toy5,cuda,2048,local_optimizer_update,0.06105307470231006,0.004548033769242466,13.424059230870498,-0.056505040933067595,12.886486671515287,12.90262970945988
toy5,cuda,2048,local_step,0.14396192115964368,0.021258366631809623,6.772012340036912,-0.12270355452783406,60.342440531867005,60.418322881744764
toy5,cuda,2048,local_trainable_parameters,0.00017488403633857767,0.00015793880447745323,1.1072898577217196,-1.6945231861124438e-05,0.451017452016508,0.4515924165472938
toy5,cuda,2048,local_training,0.12823895532637833,0.0065264432652232555,19.649133550231138,-0.12171251206115508,18.49848256205004,18.521670793004738
toy5,cuda,2048,mobility_swaps,0.0,0.0,1.0,0.0,0.0,0.0
toy5,cuda,2048,policy_readout,0.0019273798912763597,0.001736423031737407,1.1099713929432782,-0.00019095685953895276,4.912490331964357,4.918613914683266
toy5,cuda,2048,post_local_readout,0.0012555339994529881,0.0003802153669918577,3.3021653211609285,-0.0008753186324611305,1.0728921097161885,1.0742231692857178
toy5,cuda,2048,post_step_state_policy,4.542086583872636e-05,3.548220653707782e-05,1.2801026280950973,-9.938659301648539e-06,0.101226632911463,0.10135551409729045
toy5,cuda,2048,sample_actions,1.6600223413358133e-05,9.71860329930981e-06,1.7080873559822158,-6.881620114048323e-06,0.027411060001302955,0.02744508322085898
toy5,cuda,2048,sample_revision_mask,5.13778223345677e-05,4.378542459259431e-05,1.1734001168794774,-7.592397741973395e-06,0.12541911689603957,0.12558017750432746
toy5,cuda,2048,select_peers,0.00024700297120337685,0.000266073962363104,0.9283244741787192,1.9070991159727147e-05,0.7507495398489891,0.7516793960285671
toy5,cuda,2048,social_adam_update,0.3051167602767237,0.0010827914734060566,281.7871841167539,-0.3040339688033176,3.056692514241103,3.0604919340687307
toy5,cuda,2048,social_autograd_grad,0.0016012385642776886,0.0008567945294392605,1.868871134513007,-0.0007444440348384282,2.3973680911392226,2.4002875975389286
toy5,cuda,2048,social_distillation,0.31455383100934947,0.0057175722555257375,55.015278679748995,-0.30883625875382376,16.156545083002555,16.176664612207965
toy5,cuda,2048,social_loss_forward,0.000608715822454542,0.0003620932072711488,1.6811025731248062,-0.0002466226151833932,1.0295705279976117,1.0308701557435394
toy5,cuda,2048,social_loss_update,0.3113109950364257,0.0,inf,-0.3113109950364257,0.0,0.0
toy5,cuda,2048,social_mix,0.0018943541799671948,0.0017896780162118375,1.058488824697597,-0.00010467616375535731,5.078172347505535,5.084553317024873
toy5,cuda,2048,social_optimizer_update,0.30844698262323317,0.0028291720314882695,109.02376355706316,-0.3056178105917449,7.966648353698102,7.9764930257562625
toy5,cuda,2048,social_step,0.3146226075361483,0.0057630775767999395,54.59281145246158,-0.30885952995934834,16.284917859759265,16.305196625571327
toy5,cuda,2048,social_trainable_parameters,0.00010488221111396949,0.0,inf,-0.00010488221111396949,0.0,0.0
toy5,cuda,2048,steady_state_total,0.4689085575713155,0.03525376084726304,13.30095133971273,-0.43365479672405244,100.0,100.12558017750433
toy5,cuda,2048,update_payoff_ema,0.0,0.0,1.0,0.0,0.0,0.0
toy5,cuda,2048,update_reputation_ema,0.00013142629371335108,6.667980536197622e-05,1.9710059589990372,-6.474648835137486e-05,0.1903205040850238,0.1905631633564083
