toy,scenario,training_backend,device,agent_count,epochs,seed,seconds,epochs_per_second,agent_steps_per_second,final_action_rate,final_mean_policy_action_probability,final_mean_reputation,timing_make_run_dir_seconds,timing_write_metadata_seconds,timing_initial_state_seconds,timing_writer_setup_seconds,timing_initial_step_result_seconds,timing_initial_aggregate_row_seconds,timing_write_initial_aggregate_seconds,timing_sample_revision_mask_seconds,timing_hooked_step_total_seconds,timing_build_step_context_seconds,timing_local_step_seconds,timing_neural_context_peers_seconds,timing_build_observations_seconds,timing_policy_readout_seconds,timing_decision_selection_seconds,timing_local_training_seconds,timing_cache_refresh_seconds,timing_post_local_readout_seconds,timing_select_peers_seconds,timing_social_step_seconds,timing_social_distillation_seconds,timing_sample_actions_seconds,timing_commit_actions_seconds,timing_post_step_state_policy_seconds,timing_update_payoff_ema_seconds,timing_update_reputation_ema_seconds,timing_mobility_swaps_seconds,timing_finalize_hook_step_seconds,timing_aggregate_row_seconds,timing_write_aggregate_seconds,timing_write_micro_seconds
toy4,neural_none,loop,cpu,64,3,4,2.4144569479394704,1.2425154246631898,79.52098717844414,0.390625,0.43034613132476807,0.446453125,0.001452164025977254,0.004471418913453817,2.1765396690461785,0.0017836920451372862,0.014111150056123734,0.003192864009179175,7.161602843552828e-05,6.067403592169285e-05,0.1623760350048542,3.288080915808678e-05,0.15692407602909952,0.0,0.0023939599050208926,0.0019523120718076825,0.002872345969080925,0.14238390303216875,0.004104734864085913,0.002208448015153408,0.0007004770450294018,0.0001310301013290882,0.0,5.058827809989452e-06,3.0837953090667725e-05,0.00020894594490528107,0.00010158214718103409,9.015307296067476e-05,0.00021291407756507397,6.471294909715652e-05,0.005336778936907649,0.00043381203431636095,0.0
toy4,neural_none,loop,cuda,64,3,4,1.5204924810677767,1.9730449425788865,126.27487632504874,0.390625,0.43034613132476807,0.446453125,0.0006583689246326685,0.004201047006063163,0.07311987190041691,0.0016524340026080608,0.6294611829798669,0.058031350024975836,0.00014826108235865831,0.00011666188947856426,0.7378329080529511,4.17088158428669e-05,0.7334090180229396,0.0,0.0032613641815260053,0.003957916051149368,0.001859096111729741,0.7156064489390701,0.005394059116952121,0.001960899098776281,0.0005889249732717872,0.00027925893664360046,0.0,2.6280060410499573e-05,3.714091144502163e-05,0.0001267809420824051,8.160481229424477e-05,4.8832036554813385e-05,9.013002272695303e-05,6.262003444135189e-05,0.003832087037153542,0.0002598039573058486,0.0
toy4,neural_none,batched,cpu,64,3,4,0.15796163503546268,18.99195332668274,1215.4850129076954,0.390625,0.43034613132476807,0.446453125,0.00029513996560126543,0.002570255077444017,0.033725916990078986,0.000596722005866468,0.0028656950453296304,0.0013716620160266757,8.272693958133459e-05,8.023297414183617e-05,0.1062981910072267,2.845295239239931e-05,0.1009888929547742,0.0,0.0021936310222372413,0.0022589850705116987,0.002915449091233313,0.08550945890601724,0.004964084015227854,0.002097858930937946,0.0007885239319875836,0.00012326298747211695,0.0,2.664863131940365e-06,3.892392851412296e-05,0.00023216893896460533,0.00016004289500415325,6.50439178571105e-05,0.00015930202789604664,0.00012675102334469557,0.0042669218964874744,0.00032470584847033024,0.0
toy4,neural_none,batched,cuda,64,3,4,0.6757084579439834,4.439784591609628,284.1462138630162,0.390625,0.43034613132476807,0.446453125,0.00042791198939085007,0.0031866729259490967,0.054785805055871606,0.0005232120165601373,0.002776846056804061,0.0010659709805622697,4.8091053031384945e-05,6.86390558257699e-05,0.600506096961908,3.7280027754604816e-05,0.5963462758809328,0.0,0.0022002030164003372,0.0010387899819761515,0.001576380105689168,0.5838890449376777,0.0034526370000094175,0.002604819950647652,0.000677614938467741,0.00026461202651262283,0.0,1.9006081856787205e-05,3.545789513736963e-05,0.00019830709788948298,8.91098752617836e-05,5.630601663142443e-05,9.630376007407904e-05,5.222903564572334e-05,0.0037889049854129553,0.0003320398973301053,0.0
toy4,neural_output_average,loop,cpu,64,3,4,0.29997386306058615,10.00087130722481,640.0557636623878,0.390625,0.3948133587837219,0.446453125,0.00043741893023252487,0.0035111689940094948,0.03160429291892797,0.00039108109194785357,0.0016378560103476048,0.0009625449310988188,4.411395639181137e-05,4.552595783025026e-05,0.2502323060762137,2.1650921553373337e-05,0.12329394195694476,0.0,0.0025739818811416626,0.000938209006562829,0.0016008950769901276,0.11169215105473995,0.0034017119323834777,0.0018665288807824254,0.0005892070475965738,0.12166700488887727,0.12145624600816518,4.2889732867479324e-06,2.5328947231173515e-05,0.00016106606926769018,9.359687101095915e-05,5.26100629940629e-05,0.00010921712964773178,6.10770657658577e-05,0.0037633159663528204,0.00026563298888504505,0.0
toy4,neural_output_average,loop,cuda,64,3,4,1.1765530409757048,2.5498212962095845,163.1885629574134,0.390625,0.3948133587837219,0.446453125,0.00042809208389371634,0.003320186981000006,0.055411129957064986,0.0016917880857363343,0.005553100956603885,0.003516489057801664,0.0001812439877539873,0.00011231191456317902,1.0927689939271659,4.550605081021786e-05,0.30774134502280504,0.0,0.00305251800455153,0.003494224976748228,0.0018185878871008754,0.28975740913301706,0.005097967921756208,0.0019455610308796167,0.0008459039963781834,0.7775602699257433,0.7773061260813847,2.968613989651203e-05,5.0356145948171616e-05,0.00017166591715067625,0.00015287904534488916,7.75668304413557e-05,0.0001357770524919033,8.229806553572416e-05,0.0046990710543468595,0.00028787506744265556,0.0
toy4,neural_output_average,batched,cpu,64,3,4,0.22704405197873712,13.213294837959255,845.6508696293923,0.390625,0.3948133587837219,0.446453125,0.00031159096397459507,0.003029565094038844,0.039431116078048944,0.0011928719468414783,0.0035595110384747386,0.0018416621023789048,0.0001829770626500249,7.769803050905466e-05,0.16741170710884035,5.5094948038458824e-05,0.08953558292705566,0.0,0.0036567648639902472,0.0013531269505620003,0.001809720997698605,0.07680260599590838,0.002693789079785347,0.0023696449352428317,0.0004658619873225689,0.07311468303669244,0.07296040200162679,3.697001375257969e-06,2.7262140065431595e-05,0.00015546497888863087,9.989994578063488e-05,4.5467051677405834e-05,0.00016705587040632963,4.7940993681550026e-05,0.00400093721691519,0.00032792112324386835,0.0
toy4,neural_output_average,batched,cuda,64,3,4,0.384382376098074,7.80472827722611,499.50260974247107,0.390625,0.3948133587837219,0.446453125,0.0004063011147081852,0.003609684994444251,0.049299902049824595,0.0006392020732164383,0.0033653120044618845,0.0015797059750184417,8.575303945690393e-05,8.46001785248518e-05,0.3063910352066159,4.9144960939884186e-05,0.13591354503296316,0.0,0.002356700017116964,0.0010042659705504775,0.0017879401566460729,0.11982374195940793,0.004280707915313542,0.00394340802449733,0.0008797090267762542,0.16121257992926985,0.16086752607952803,3.669003490358591e-05,4.812993574887514e-05,0.00016201601829379797,0.0001224710140377283,7.285806350409985e-05,0.00014273100532591343,8.661404717713594e-05,0.008720176061615348,0.00035242794547230005,0.0
toy4,neural_none,loop,cpu,256,3,4,0.7855348460143432,3.819054005333358,977.6778253653397,0.48046875,0.44246500730514526,0.45125390625,0.00027767696883529425,0.003110549063421786,0.13822610001079738,0.0014171169605106115,0.0071666809963062406,0.004746331018395722,9.824603330343962e-05,0.00014473497867584229,0.5905617820098996,4.655797965824604e-05,0.5839748888975009,0.0,0.008040237007662654,0.0035114489728584886,0.005725759081542492,0.541989590972662,0.02025711501482874,0.0031796798575669527,0.0011027129366993904,0.0001309181097894907,0.0,3.275112248957157e-06,3.1298957765102386e-05,0.00021672097500413656,0.00014951196499168873,9.983906056731939e-05,0.00011953595094382763,9.023200254887342e-05,0.018226372892968357,0.0004878459731116891,0.0
toy4,neural_none,loop,cuda,256,3,4,1.2368714859476313,2.425474298731646,620.9214204753014,0.48046875,0.44246500730514526,0.45125390625,0.0003314889036118984,0.0027884580194950104,0.19995048304554075,0.0008076720405369997,0.007042736047878861,0.005488277995027602,8.166499901562929e-05,7.611396722495556e-05,0.9707726191263646,3.920402377843857e-05,0.9596018060110509,0.0,0.007158364052884281,0.00167804304510355,0.004457512986846268,0.9247910119593143,0.017394226044416428,0.002162490040063858,0.006400858052074909,0.0004034049343317747,0.0,1.9154977053403854e-05,4.160997923463583e-05,0.00016647600568830967,0.00014075683429837227,7.041299249976873e-05,0.0001779979793354869,7.292907685041428e-05,0.010708307032473385,0.00029552006162703037,0.0
toy4,neural_none,batched,cpu,256,3,4,0.9390055299736559,3.1948693636385355,817.8865570914651,0.48046875,0.44246500730514526,0.45125390625,0.0007597809890285134,0.003959818975999951,0.5414184289984405,0.0008364759851247072,0.005153884063474834,0.005229517002590001,9.145401418209076e-05,0.00013475597370415926,0.3323697119485587,2.9425020329654217e-05,0.32589621690567583,0.0,0.007339039002545178,0.003081704955548048,0.006044712965376675,0.27785697497893125,0.02394244505558163,0.005096014938317239,0.0013121580705046654,0.00014304090291261673,0.0,2.6650959625840187e-06,3.3363932743668556e-05,0.00020982802379876375,0.0001334430417045951,6.549502722918987e-05,0.00012357498053461313,4.2411149479448795e-05,0.014073047088459134,0.000505058909766376,0.0
toy4,neural_none,batched,cuda,256,3,4,0.7705688000423834,3.8932279633369427,996.6663586142573,0.48046875,0.44246500730514526,0.45125390625,0.0007781758904457092,0.003368898993358016,0.18111177789978683,0.001446341979317367,0.00801593204960227,0.005639125010930002,8.061307016760111e-05,0.00018000102136284113,0.517447263118811,5.2228919230401516e-05,0.5075872419402003,0.0,0.008224056102335453,0.0016710079507902265,0.004797366913408041,0.4646894629113376,0.019042912987060845,0.00512377789709717,0.0018302109092473984,0.000461044954136014,0.0,2.0499108359217644e-05,5.977298133075237e-05,0.00022589904256165028,0.00022432708647102118,0.00012275297194719315,0.0002443520352244377,8.253694977611303e-05,0.01442009606398642,0.0005800388753414154,0.0
toy4,neural_output_average,loop,cpu,256,3,4,1.228938669897616,2.4411307687550696,624.9294768012978,0.4453125,0.40976130962371826,0.44668359375,0.0003996680025011301,0.002963289967738092,0.11856683995574713,0.0007207669550552964,0.004177782917395234,0.0029064720729365945,4.149903543293476e-05,6.351014599204063e-05,1.0562988481251523,2.598995342850685e-05,0.5523525271564722,0.0,0.006611266988329589,0.002407807041890919,0.005307195126079023,0.5136847490211949,0.019773348118178546,0.003149092197418213,0.002743282006122172,0.49316367181017995,0.49290959897916764,1.0270043276250362e-05,5.881208926439285e-05,0.0002176729030907154,0.0001964019611477852,0.00010669301263988018,0.00018818594980984926,7.426016964018345e-05,0.014906098134815693,0.00038432900328189135,0.0
toy4,neural_output_average,loop,cuda,256,3,4,2.2756846509873867,1.3182845868817297,337.4808542417228,0.4453125,0.40976130962371826,0.44668359375,0.0004722160520032048,0.003631356987170875,0.19314396707341075,0.0008274799911305308,0.006305458024144173,0.004909540060907602,8.293800055980682e-05,6.751797627657652e-05,2.026427792967297,3.241200465708971e-05,1.0849610879085958,0.0,0.006798462942242622,0.001176228979602456,0.0046314430655911565,1.0461497060023248,0.021064757951535285,0.002744965022429824,0.002442972967401147,0.9316537958802655,0.9314147820696235,2.631894312798977e-05,6.237905472517014e-05,0.0001833989517763257,0.00020123098511248827,7.516401819884777e-05,0.00011728191748261452,9.352806955575943e-05,0.011842979118227959,0.00021420791745185852,0.0
toy4,neural_output_average,batched,cpu,256,3,4,1.3573560919612646,2.210179051589369,565.8058372068784,0.4453125,0.40976130962371826,0.44668359375,0.0003171410644426942,0.003278126008808613,0.14187968091573566,0.0008559130365028977,0.013148976024240255,0.007183913956396282,8.191494271159172e-05,0.00012922403402626514,1.1465700769331306,2.977694384753704e-05,0.7438537548296154,0.0,0.006974134943448007,0.003412563120946288,0.006046978058293462,0.6947311389958486,0.02399082516785711,0.00592961604706943,0.0020514311036095023,0.38989537802990526,0.3896232220577076,9.136856533586979e-06,6.308895535767078e-05,0.00040383602026849985,0.0002152391243726015,0.00017395894974470139,0.00026154599618166685,0.00010858604218810797,0.01623485889285803,0.0003304259153082967,0.0
toy4,neural_output_average,batched,cuda,256,3,4,1.2924773000413552,2.32112393765369,594.2077280393446,0.4453125,0.40976130962371826,0.44668359375,0.0006149259861558676,0.0028753019869327545,0.20189547492191195,0.0010495400056242943,0.00527806906029582,0.005420670029707253,9.877700358629227e-05,8.509098552167416e-05,1.03070396091789,3.5488978028297424e-05,0.4641589829698205,0.0,0.007228009053505957,0.0012553519336506724,0.00499314907938242,0.4262003479525447,0.017042770981788635,0.004521814989857376,0.0030028028413653374,0.553394251037389,0.5530931090470403,3.637908957898617e-05,7.03039113432169e-05,0.00027172500267624855,0.00018902902957051992,0.00018878921400755644,0.00039952597580850124,0.00010365690104663372,0.012488373089581728,0.0002822249662131071,0.0
toy4,neural_none,loop,cpu,1024,3,4,3.5752762289484963,0.8390960048651437,859.2343089819071,0.4736328125,0.45068445801734924,0.4789853515625,0.00041336403228342533,0.002543693990446627,0.47110555693507195,0.000490149948745966,0.013212256017141044,0.05220711592119187,0.0001465779496356845,0.00033328402787446976,2.733527861069888,0.00010253489017486572,2.717704472015612,0.0,0.03360126097686589,0.00902385194785893,0.0196052499813959,2.5494599108351395,0.09289651003200561,0.010545116849243641,0.005519096972420812,0.0002562360605224967,0.0,5.159061402082443e-06,3.678002394735813e-05,0.00039129203651100397,0.0003666660049930215,0.00013119785580784082,0.00033986393827944994,0.00012164993677288294,0.21485854894854128,0.0006876660045236349,0.0
toy4,neural_none,loop,cuda,1024,3,4,5.549958223942667,0.5405446093374037,553.5176799615014,0.4736328125,0.45068442821502686,0.4789853515625,0.00034296989906579256,0.002924927044659853,0.6249620170565322,0.0007752899546176195,0.013108829967677593,0.0626841849880293,0.00018577196169644594,0.00019729300402104855,4.546146837994456,6.15481985732913e-05,4.536093773902394,0.0,0.03451994282659143,0.004801164963282645,0.01687868998851627,4.39598176185973,0.07588033995125443,0.004658555029891431,0.0034713339991867542,0.0008964199805632234,0.0,2.423499245196581e-05,5.109608173370361e-05,0.00021119997836649418,0.0002291450509801507,8.156499825417995e-05,0.00012401619460433722,6.372085772454739e-05,0.1824961091624573,0.0005309879779815674,0.0
toy4,neural_none,batched,cpu,1024,3,4,2.615926982020028,1.146821000975872,1174.3447049992928,0.4736328125,0.45068445801734924,0.4789853515625,0.00038934790063649416,0.0030340029625222087,0.934479583054781,0.0010088429553434253,0.010926351067610085,0.061722862999886274,0.00022691104095429182,0.000201833201572299,1.3429261359851807,5.4413918405771255e-05,1.3340396038256586,0.0,0.03592035989277065,0.008679621038027108,0.01817850407678634,1.1788722090423107,0.08399497100617737,0.005863758968189359,0.003146126982755959,0.00017327792011201382,0.0,2.4549663066864014e-06,2.6960973627865314e-05,0.00018284586258232594,0.00021631002891808748,0.00012070813681930304,0.00014304113574326038,4.532700404524803e-05,0.16480286803562194,0.0005066199228167534,0.0
toy4,neural_none,batched,cuda,1024,3,4,3.086732962052338,0.9719013717355486,995.2270046572017,0.4736328125,0.45068442821502686,0.4789853515625,0.0003783180145546794,0.0025101100327447057,0.8652280480600893,0.000896358978934586,0.017256114981137216,0.06432437698822469,0.0002232730621472001,0.0003187039401382208,1.8485252120299265,9.563099592924118e-05,1.8351762059610337,0.0,0.03597138705663383,0.004936081008054316,0.017327622044831514,1.6912317540263757,0.07495848403777927,0.005760754109360278,0.005326330894604325,0.0007255648961290717,0.0,2.2692023776471615e-05,0.00011155102401971817,0.00022066908422857523,0.00035423203371465206,0.0001609352184459567,0.00021604879293590784,7.833796553313732e-05,0.18601741991005838,0.0008251660037785769,0.0
toy4,neural_output_average,loop,cpu,1024,3,4,5.159602664993145,0.5814401214175638,595.3946843315854,0.4501953125,0.4202132821083069,0.4754111328125,0.0002610250376164913,0.002395683084614575,0.8977706290315837,0.0011831240262836218,0.014322362025268376,0.06476338999345899,0.0007113690953701735,0.0005444420967251062,3.9131386769004166,0.0001574481138959527,2.00828459195327,0.0,0.03348227799870074,0.008890611119568348,0.021438388037495315,1.8542774668894708,0.08287742407992482,0.0039925118908286095,0.0037864719051867723,1.890925660962239,1.8906892031664029,9.286799468100071e-06,3.835104871541262e-05,0.0002334628952667117,0.000345814973115921,9.818491525948048e-05,0.00017119396943598986,5.50650293007493e-05,0.15761012095026672,0.0009278198704123497,0.0
toy4,neural_output_average,loop,cuda,1024,3,4,9.989766114973463,0.3003073310698795,307.5147070155566,0.4501953125,0.4202132821083069,0.4754111328125,0.0008157569682225585,0.003300588927231729,0.6865470330230892,0.0026521889958530664,0.014969157986342907,0.04216595599427819,0.0002795499749481678,0.00022846402134746313,8.902539336006157,4.535599146038294e-05,4.834360818029381,0.0,0.03063554794061929,0.005497023928910494,0.01804807805456221,4.69287849299144,0.07798911409918219,0.00597336795181036,0.008430949063040316,4.047775364131667,4.047424920019694,4.25499165430665e-05,6.325007416307926e-05,0.0001764040207490325,0.00034456292632967234,0.0001437630271539092,0.00018072302918881178,0.00011489703319966793,0.19020993693266064,0.000604426022619009,0.0
toy4,neural_output_average,batched,cpu,1024,3,4,4.38789973501116,0.6836983935760714,700.1071550218971,0.4501953125,0.4202132821083069,0.4754111328125,0.00046318804379552603,0.0028219619998708367,0.5276814339449629,0.0005091649945825338,0.011863238993100822,0.04228886996861547,0.00024688802659511566,0.0003887969069182873,3.461714767036028,0.00030387809965759516,1.4582871589809656,0.0,0.030303669977001846,0.006543820025399327,0.020722158951684833,1.3024604370584711,0.08933415007777512,0.0053051121067255735,0.00825980503577739,1.9838016290450469,1.983490859856829,9.678187780082226e-06,2.8925016522407532e-05,0.00017937098164111376,0.00033267110120505095,0.00011208211071789265,0.0001808929955586791,4.966405685991049e-05,0.22962641203776002,0.0008493210189044476,0.0
toy4,neural_output_average,batched,cuda,1024,3,4,5.552951190969907,0.540253262963762,553.2193412748923,0.4501953125,0.4202132821083069,0.4754111328125,0.0011168579803779721,0.004717626958154142,0.6754422349622473,0.000854320009239018,0.01761285203974694,0.06769696599803865,0.0003332120832055807,0.0002440239768475294,4.491793329943903,6.869086064398289e-05,2.032615021103993,0.0,0.032883833977393806,0.005819575977511704,0.01891084504313767,1.861623127013445,0.10439776896964759,0.004789141938090324,0.004875577054917812,2.4442570109385997,2.443988670944236,2.962502185255289e-05,5.091703496873379e-05,0.00022513791918754578,0.00035224901512265205,0.00013408390805125237,0.00013561698142439127,7.004290819168091e-05,0.16077908489387482,0.0003990770783275366,0.0
toy5,neural_none,loop,cpu,64,3,4,0.1880461680702865,15.953529023142243,1021.0258574811036,0.890625,0.5307734608650208,0.23531249999999992,0.00034027500078082085,0.0025400070007890463,0.02865797991398722,0.0003962819464504719,0.0009116489673033357,0.0011231900425627828,5.252996925264597e-05,5.620601586997509e-05,0.13995299104135484,0.0008571150247007608,0.13532289885915816,0.0,0.0014049550518393517,0.0015489580109715462,0.0006605428643524647,0.12372862093616277,0.004388623056001961,0.0020952828926965594,0.0005764139350503683,8.940999396145344e-05,0.0,3.736000508069992e-06,0.0002650428796187043,9.098288137465715e-05,0.0,7.964111864566803e-05,0.0,2.163101453334093e-05,0.004425082006491721,0.0003218500642105937,0.0
toy5,neural_none,loop,cuda,64,3,4,0.39008790999650955,7.6905741580836064,492.1967461173508,0.890625,0.530773401260376,0.23531249999999992,0.0004280819557607174,0.0030709339771419764,0.043737597996369004,0.0008329099509865046,0.0014777618926018476,0.006711167050525546,5.5044074542820454e-05,0.00010732398368418217,0.31900730496272445,0.0008682049810886383,0.31209333427250385,0.0,0.0013741549337282777,0.0024403780698776245,0.0009275889024138451,0.29487515101209283,0.0062638180097565055,0.002800009911879897,0.001120775006711483,0.0003536599688231945,0.0,1.9006081856787205e-05,0.0004011510172858834,0.00013629894237965345,0.0,0.00014625699259340763,0.0,5.115591920912266e-05,0.004789471975527704,0.00044374202843755484,0.0
toy5,neural_none,batched,cpu,64,3,4,0.22350304306019098,13.422636036289127,859.0487063225041,0.890625,0.5307734608650208,0.23531249999999992,0.0003278920194134116,0.0032645310275256634,0.036572369979694486,0.0009239430073648691,0.0011880230158567429,0.0783678850857541,0.00010023999493569136,6.149604450911283e-05,0.09414401603862643,0.0007874940056353807,0.09012711583636701,0.0,0.0012687159469351172,0.0019400980090722442,0.0006961009930819273,0.07903026998974383,0.0032433109590783715,0.0020351599669083953,0.000564511981792748,8.329690899699926e-05,0.0,2.5760382413864136e-06,0.0001716661499813199,8.686387445777655e-05,0.0,6.144505459815264e-05,0.0,2.3063039407134056e-05,0.0034376989351585507,0.0002068009926006198,0.0
toy5,neural_none,batched,cuda,64,3,4,0.37497964804060757,8.000434198698489,512.0277887167033,0.890625,0.530773401260376,0.23531249999999992,0.0003023339668288827,0.0027367810253053904,0.2214596369303763,0.0007590089226141572,0.0011300129117444158,0.0015118869487196207,4.923401866108179e-05,5.6357006542384624e-05,0.13218815391883254,0.0006826539756730199,0.12635005183983594,0.0,0.0012321681715548038,0.0022765479516237974,0.0008507739985361695,0.1131266939919442,0.0034724349388852715,0.0032689900835976005,0.0010025108931586146,0.00031936599407345057,0.0,1.9827974028885365e-05,0.00024233898147940636,9.677303023636341e-05,0.0,0.00011388608254492283,0.0,3.2279989682137966e-05,0.004741612821817398,0.0003512569237500429,0.0
toy5,neural_output_average,loop,cpu,64,3,4,0.2786654180381447,10.765598476913807,688.9983025224836,0.921875,0.5483272075653076,0.2384374999999999,0.00024398299865424633,0.002355156932026148,0.027687819907441735,0.00025775900576263666,0.0004512360319495201,0.0011307739187031984,2.7862959541380405e-05,0.00010150286834686995,0.23635758203454316,0.0008185419719666243,0.11706983286421746,0.0,0.0014000749215483665,0.0010973908938467503,0.0005476579535752535,0.10757207998540252,0.00368815497495234,0.001588321989402175,0.0008611439261585474,0.11300989310257137,0.11280670808628201,4.778965376317501e-06,0.00020937505178153515,0.00013796298298984766,0.0,0.00011120084673166275,0.0,1.5470897778868675e-05,0.004417519085109234,0.00030196295119822025,0.0
toy5,neural_output_average,loop,cuda,64,3,4,0.652455179952085,4.5980169859641755,294.27308710170723,0.921875,0.5483272075653076,0.2384374999999999,0.00040440703742206097,0.002465446013957262,0.04447342304047197,0.0008047160226851702,0.0016660389956086874,0.0026962229749187827,6.255798507481813e-05,6.483285687863827e-05,0.5804434809833765,0.0007331910310313106,0.30679731199052185,0.0,0.0013170880265533924,0.0018844030564650893,0.0007669141050428152,0.2905071860877797,0.007457162952050567,0.0022802851162850857,0.0013099440839141607,0.2645206230226904,0.26408675010316074,2.9247021302580833e-05,0.00038519094232469797,0.00012786197476089,0.0,0.00013798195868730545,0.0,4.238996189087629e-05,0.007489703944884241,0.0003369689220562577,0.0
toy5,neural_output_average,batched,cpu,64,3,4,0.23163098795339465,12.951634953970906,828.904637054138,0.921875,0.5483272075653076,0.2384374999999999,0.0003932859981432557,0.0029228930361568928,0.03606218204367906,0.0009579770267009735,0.0016468939138576388,0.0028982370859012008,8.298701141029596e-05,8.652417454868555e-05,0.17451923503540456,0.0008662731852382421,0.08585769997444004,0.0,0.0014877120265737176,0.002040078048594296,0.0004352350952103734,0.07511186099145561,0.003934059990569949,0.0017930800095200539,0.0007666950114071369,0.08202966896351427,0.08183064102195203,3.4669646993279457e-06,0.00026426115073263645,0.00014274020213633776,0.0,0.00014861207455396652,0.0,2.8332113288342953e-05,0.005340968957170844,0.00025416200514882803,0.0
toy5,neural_output_average,batched,cuda,64,3,4,0.41203771997243166,7.280886808617235,465.97675575150305,0.921875,0.5483272075653076,0.2384374999999999,0.00034419295843690634,0.002373842056840658,0.04585298092570156,0.0006682369858026505,0.001463335007429123,0.002243353985249996,8.811696898192167e-05,0.00010116188786923885,0.34113130590412766,0.0007968810386955738,0.1616590570192784,0.0,0.0015032499795779586,0.003902108990587294,0.0011858490761369467,0.14141323079820722,0.004547654069028795,0.0057914439821615815,0.0014970690244808793,0.16742090403568,0.1668942749965936,3.1810952350497246e-05,0.0005084049189463258,0.00019657087977975607,0.0,0.0001858128234744072,0.0,4.314200486987829e-05,0.00782813597470522,0.0003968530800193548,0.0
toy5,neural_none,loop,cpu,256,3,4,0.682488489896059,4.395678527057491,1125.2937029267177,0.859375,0.5276361703872681,0.22824999999999993,0.00040621100924909115,0.0033342429669573903,0.12039135198574513,0.0006481899181380868,0.0010351230157539248,0.002336350968107581,8.837692439556122e-05,4.872214049100876e-05,0.5187272080220282,0.00219207804184407,0.5110742528922856,0.0,0.003589047002606094,0.0017230880912393332,0.0007818029262125492,0.4801535530714318,0.019303028006106615,0.003921617055311799,0.0017433860339224339,0.00013135909102857113,0.0,2.8549693524837494e-06,0.00030268507543951273,9.808503091335297e-05,0.0,9.940797463059425e-05,0.0,1.810502726584673e-05,0.009367856080643833,0.00044697814155369997,0.0
toy5,neural_none,loop,cuda,256,3,4,1.4220612350618467,2.109613795828931,540.0611317322064,0.859375,0.5276361703872681,0.22824999999999993,0.0008493410423398018,0.004143587895669043,0.18993092409800738,0.0009701800299808383,0.001991125987842679,0.0038586780428886414,5.404301919043064e-05,7.972191087901592e-05,1.1724035679362714,0.00248961104080081,1.1629082900471985,0.0,0.004441683879122138,0.0020313611021265388,0.0010681559797376394,1.1277148759691045,0.02209166798274964,0.0020211240043863654,0.0021665991516783834,0.0003501239698380232,0.0,2.081901766359806e-05,0.0002679879544302821,0.00014986388850957155,0.0,0.00013534713070839643,0.0,4.706007894128561e-05,0.010549548082053661,0.000380110926926136,0.0
toy5,neural_none,batched,cpu,256,3,4,0.5068129340652376,5.9193438019358755,1515.3520132955841,0.859375,0.5276361703872681,0.22824999999999993,0.0004130130400881171,0.0026059619849547744,0.122262301039882,0.0006106579676270485,0.000991090084426105,0.00270961900241673,0.00010212301276624203,7.292802911251783e-05,0.3421875810017809,0.0022544360253959894,0.33424891403410584,0.0,0.0037694190395995975,0.0051830600714311,0.001342657022178173,0.30092948500532657,0.017614445998333395,0.0030365000711753964,0.0015183300711214542,0.00010579091031104326,0.0,4.027970135211945e-06,0.00029666407499462366,8.921988774091005e-05,0.0,0.0001072039594873786,0.0,2.097897231578827e-05,0.010349428048357368,0.0003902699099853635,0.0
toy5,neural_none,batched,cuda,256,3,4,0.8683524070074782,3.4548185457775373,884.4335477190496,0.859375,0.5276361703872681,0.22824999999999993,0.0003832569345831871,0.0023828489938750863,0.17321853002067655,0.0009349029278382659,0.001816093921661377,0.0032626170432195067,8.112401701509953e-05,0.00011080014519393444,0.6339206870179623,0.00235302303917706,0.6203233081614599,0.0,0.004138389020226896,0.004392842180095613,0.0016029999824240804,0.574545529903844,0.025354212848469615,0.0059378501027822495,0.0028861539904028177,0.0005745601374655962,0.0,4.151801113039255e-05,0.0009903080062940717,0.00016422104090452194,0.0,0.00023445405531674623,0.0,5.712790880352259e-05,0.015492631937377155,0.0006216379115357995,0.0
toy5,neural_output_average,loop,cpu,256,3,4,1.6271201099734753,1.843748338928037,471.99957476557745,0.859375,0.5419691801071167,0.22824999999999993,0.0005607439670711756,0.004089636029675603,0.555475924978964,0.0008948269532993436,0.001468013972043991,0.003961171954870224,5.6267017498612404e-05,5.6598102673888206e-05,1.0142757151043043,0.0022317731054499745,0.5190306848380715,0.0,0.003740292857401073,0.00339274515863508,0.0009842260042205453,0.48512506508268416,0.02085918909870088,0.0032300560269504786,0.0022992000449448824,0.482112250989303,0.4815316111780703,9.789015166461468e-06,0.00025422207545489073,9.128300007432699e-05,0.0,0.0001055900938808918,0.0,2.0239152945578098e-05,0.01651063305325806,0.00022902502678334713,0.0
toy5,neural_output_average,loop,cuda,256,3,4,2.2774705649353564,1.3172508335295003,337.2162133835521,0.859375,0.5419691205024719,0.22824999999999993,0.0004637390375137329,0.0037380800349637866,0.15959059493616223,0.0008072509663179517,0.0012439590645954013,0.0030614060815423727,5.507504101842642e-05,6.570294499397278e-05,2.0681904820958152,0.0022725899470970035,1.0769810390193015,0.0,0.004080499056726694,0.0020313929999247193,0.0009940358577296138,1.0362373167881742,0.028217453975230455,0.002357361023314297,0.00307017401792109,0.978632100042887,0.9783013542182744,2.2093066945672035e-05,0.0002891679760068655,0.00015548511873930693,0.0,0.0001329430378973484,0.0,3.3142976462841034e-05,0.012385308044031262,0.00023494497872889042,0.0
toy5,neural_output_average,batched,cpu,256,3,4,0.8314799360232428,3.608024523535995,923.6542780252147,0.859375,0.5419691801071167,0.22824999999999993,0.00040458806324750185,0.0022983490489423275,0.12569813791196793,0.0016500900965183973,0.004579524975270033,0.005319247953593731,0.00012000696733593941,6.226892583072186e-05,0.6533326678909361,0.0022615488851442933,0.3263091711560264,0.0,0.003503192914649844,0.004509542020969093,0.0014672118704766035,0.2941607809625566,0.01801710797008127,0.0028770469361916184,0.0020852750167250633,0.3159139771014452,0.3156224729027599,9.198090992867947e-06,0.00024373212363570929,9.626313112676144e-05,0.0,0.00011545000597834587,0.0,2.131005749106407e-05,0.012938407948240638,0.00019984005484730005,0.0
toy5,neural_output_average,batched,cuda,256,3,4,1.2468945699511096,2.4059772753021367,615.930182477347,0.859375,0.5419691205024719,0.22824999999999993,0.00026049395091831684,0.0022336560068652034,0.18051363807171583,0.0009855990065261722,0.0027251390274614096,0.0038252149242907763,6.624602247029543e-05,9.572005365043879e-05,1.0218076589517295,0.0023249289952218533,0.4589774578344077,0.0,0.0036648111417889595,0.002048684866167605,0.0010813099797815084,0.43119541998021305,0.015370260109193623,0.003231417969800532,0.003016000147908926,0.5504329180112109,0.549987021018751,2.2031133994460106e-05,0.00028596201445907354,0.00011260504834353924,0.0,0.00016470183618366718,0.0,4.8241112381219864e-05,0.012109364848583937,0.00041382503695786,0.0
toy5,neural_none,loop,cpu,1024,3,4,3.151303304010071,0.9519870702964276,974.8347599835419,0.8828125,0.5332028269767761,0.23575292968749995,0.0003088859375566244,0.002274723956361413,0.89571665704716,0.001398843014612794,0.0037052070256322622,0.00774554000236094,6.736698560416698e-05,7.915101014077663e-05,2.1050406229915097,0.008718534954823554,2.078811398940161,0.0,0.014309318037703633,0.00897014094516635,0.0035030428553000093,1.9365906619932503,0.10362020903266966,0.007754154969006777,0.008456106996163726,0.0004213589709252119,0.0,8.937087841331959e-06,0.00046820705756545067,0.00020429713185876608,0.0,0.00037728610914200544,0.0,4.21600416302681e-05,0.04140486603137106,0.00027493201196193695,0.0
toy5,neural_none,loop,cuda,1024,3,4,5.566155018983409,0.5389716940632232,551.9070147207406,0.8828125,0.5332027673721313,0.23575292968749995,0.0009997669840231538,0.002660154947079718,0.9307316190097481,0.0020869780564680696,0.0053117439383640885,0.008398990030400455,9.882694575935602e-05,0.00010524899698793888,4.4362138020806015,0.00919492810498923,4.411177108879201,0.0,0.01348304096609354,0.00371985393576324,0.0025440040044486523,4.2823742689797655,0.09610022697597742,0.0050456790486350656,0.007587749976664782,0.0006811420898884535,0.0,2.7812900952994823e-05,0.0004041551146656275,0.0001693010563030839,0.0,0.00023598794359713793,0.0,4.571606405079365e-05,0.03769516106694937,0.00042843306437134743,0.0
toy5,neural_none,batched,cpu,1024,3,4,2.2544548369478434,1.3306986464459412,1362.6354139606437,0.8828125,0.5332028269767761,0.23575292968749995,0.0005813119933009148,0.003294517984613776,0.4970895500155166,0.0009250040166079998,0.002281176042743027,0.008068972965702415,7.250800263136625e-05,6.989308167248964e-05,1.318674410926178,0.008705491083674133,1.2996362239355221,0.0,0.013269125949591398,0.007023028912954032,0.0028733699582517147,1.1825310979038477,0.08552516112104058,0.0054771279683336616,0.004910422954708338,0.00024193793069571257,0.0,2.3740576580166817e-06,0.0002783769741654396,8.416001219302416e-05,0.0,0.0001946178963407874,0.0,1.3174954801797867e-05,0.33378850598819554,0.00028131401631981134,0.0
toy5,neural_none,batched,cuda,1024,3,4,2.8573753458913416,1.0499145673366785,1075.1125169527588,0.8828125,0.5332027673721313,0.23575292968749995,0.0003602330107241869,0.002976345014758408,0.6341063610743731,0.0005622160388156772,0.004397950950078666,0.009797240956686437,6.5244035795331e-05,0.00010682281572371721,2.026266149012372,0.008806350990198553,2.0044296961277723,0.0,0.014163201907649636,0.004406017134897411,0.0026902020908892155,1.8767523800488561,0.09552014793734998,0.0046499790623784065,0.005562989856116474,0.0005346850957721472,0.0,2.698088064789772e-05,0.0004211690975353122,0.00010834494605660439,0.0,0.00018124410416930914,0.0,3.046891652047634e-05,0.03299244190566242,0.00044137786608189344,0.0
toy5,neural_output_average,loop,cpu,1024,3,4,5.136324241058901,0.5840752762488223,598.093082878794,0.884765625,0.5485596656799316,0.23647558593749995,0.00041996699292212725,0.0029643119778484106,0.9240657270420343,0.0005323200020939112,0.002899219049140811,0.010548044927418232,4.714902024716139e-05,5.537609104067087e-05,4.0415578411193565,0.008645116002298892,2.0603084079921246,0.0,0.014188018045388162,0.0037103169597685337,0.002732192981056869,1.9392776670865715,0.0888831710908562,0.007620933116413653,0.007309731794521213,1.9540250989375636,1.9536270338576287,5.35894650965929e-06,0.000397884170524776,0.00016216794028878212,0.0,0.000253000995144248,0.0,3.090803511440754e-05,0.05535689799580723,0.0002005309797823429,0.0
toy5,neural_output_average,loop,cuda,1024,3,4,10.198120173998177,0.2941718619524611,301.23198663932016,0.884765625,0.5485596656799316,0.23647558593749995,0.0006468569627031684,0.003983695060014725,1.017277518985793,0.0008460950339213014,0.005134026985615492,0.013142194948159158,0.00012139999307692051,0.00010851596016436815,8.968800519942306,0.008599661057814956,4.516394006204791,0.0,0.013440401060506701,0.0033646008232608438,0.002602666965685785,4.395322215044871,0.09005405392963439,0.005817692959681153,0.008939094026573002,4.4213711629854515,4.420770062948577,4.012614954262972e-05,0.0003206689143553376,0.00012158078607171774,0.0,0.0002930660266429186,0.0,4.030601121485233e-05,0.05104082205798477,0.00019097200129181147,0.0
toy5,neural_output_average,batched,cpu,1024,3,4,3.763307058950886,0.7971711988966225,816.3033076701414,0.884765625,0.5485596656799316,0.23647558593749995,0.00034465291537344456,0.002653021947480738,0.4643603670410812,0.0007225599838420749,0.003211100003682077,0.009590188972651958,4.311196971684694e-05,0.0001447739778086543,3.160801026970148,0.008819287060759962,1.4534381770063192,0.0,0.014398297877050936,0.007326056016609073,0.0027620471082627773,1.2899377258727327,0.12400794215500355,0.010259639006108046,0.008237862959504128,1.67561077803839,1.675276716123335,2.2571999579668045e-05,0.00042277085594832897,0.0001340840244665742,0.0,0.00026962102856487036,0.0,1.8144026398658752e-05,0.06274401897098869,0.000366426189430058,0.0
toy5,neural_output_average,batched,cuda,1024,3,4,5.226674515986815,0.5739787298451259,587.7542193614089,0.884765625,0.5485596656799316,0.23647558593749995,0.0003149770200252533,0.002467609941959381,0.6543931550113484,0.0006141139892861247,0.0043392699444666505,0.012514094007201493,9.20549500733614e-05,0.00015898095443844795,4.342346306890249,0.008539687027223408,1.9785541109740734,0.0,0.014094231883063912,0.004859989043325186,0.0026033070171251893,1.8469505528919399,0.09315228299237788,0.010381891042925417,0.008700543083250523,2.3332416829653084,2.3325822920305654,4.9694906920194626e-05,0.0004170419415459037,0.0002489520702511072,0.0,0.00030840502586215734,0.0,3.6668963730335236e-05,0.05860144295729697,0.000300391111522913,0.0
