toy,device,agent_count,training_backend,stage,repeats,epochs_per_repeat,seconds_per_run_mean,seconds_per_run_std,seconds_per_epoch_mean,seconds_per_epoch_std,share_of_steady_state_pct,share_of_hooked_step_pct
toy4,cpu,1024,tensor_batched,build_observations,3,10.0,0.004050281907742222,0.0010847699684417096,0.0004050281907742222,0.00010847699684417094,3.0797369679825075,3.0857709295103244
toy4,cpu,1024,tensor_batched,build_step_context,3,10.0,8.634314872324467e-05,1.3594198159007326e-05,8.634314872324466e-06,1.3594198159007323e-06,0.06611993147702604,0.0662479839832625
toy4,cpu,1024,tensor_batched,cache_refresh,3,10.0,2.5977729819715023e-05,5.205503923328834e-07,2.5977729819715024e-06,5.2055039233288274e-08,0.02007828388578985,0.020116565381531334
toy4,cpu,1024,tensor_batched,commit_actions,3,10.0,4.337006248533726e-05,4.926096991512091e-06,4.3370062485337256e-06,4.926096991512089e-07,0.033749494693850864,0.03381303309649109
toy4,cpu,1024,tensor_batched,decision_selection,3,10.0,0.010612069823158285,0.0006071635229379571,0.0010612069823158284,6.071635229379567e-05,8.192198382292714,8.20785773286781
toy4,cpu,1024,tensor_batched,finalize_hook_step,3,10.0,9.569704222182433e-05,2.8657448163867827e-06,9.569704222182434e-06,2.865744816386785e-07,0.07417615211379198,0.07431684966385106
toy4,cpu,1024,tensor_batched,hooked_step_total,3,10.0,0.12980332361379018,0.012457137500852603,0.012980332361379016,0.0012457137500852603,99.80800222825518,100.0
toy4,cpu,1024,tensor_batched,local_adam_update,3,10.0,0.02966639834145705,0.006059799399846485,0.0029666398341457053,0.0006059799399846486,22.668964111086826,22.713000399767832
toy4,cpu,1024,tensor_batched,local_autograd_grad,3,10.0,0.012370119375797609,0.0009721676393963851,0.0012370119375797609,9.721676393963849e-05,9.522884975509344,9.541166097382508
toy4,cpu,1024,tensor_batched,local_loss_forward,3,10.0,0.007606282636212806,0.001869388446284816,0.0007606282636212807,0.0001869388446284816,5.793730518653568,5.805066504213646
toy4,cpu,1024,tensor_batched,local_loss_update,3,10.0,0.050683782319538295,0.008622801917668727,0.0050683782319538295,0.0008622801917668724,38.784748079225174,38.85994311196129
toy4,cpu,1024,tensor_batched,local_optimizer_update,3,10.0,0.04293483270642658,0.007065118189866941,0.004293483270642658,0.0007065118189866943,32.881340068957165,32.944988099239104
toy4,cpu,1024,tensor_batched,local_step,3,10.0,0.08442768458432208,0.013256103567609947,0.008442768458432207,0.0013256103567609943,64.65006456170714,64.77529346862538
toy4,cpu,1024,tensor_batched,local_trainable_parameters,3,10.0,0.0034571412640313306,0.001148362679047561,0.00034571412640313303,0.00011483626790475611,2.6412775828986628,2.6464300580699383
toy4,cpu,1024,tensor_batched,local_training,3,10.0,0.054436891339719296,0.009170902891264708,0.00544368913397193,0.0009170902891264703,41.65243138849436,41.73321866593606
toy4,cpu,1024,tensor_batched,mobility_swaps,3,10.0,0.0002171625771249334,1.7764885762659432e-05,2.1716257712493337e-05,1.7764885762659441e-06,0.16811749646308496,0.16843684530047898
toy4,cpu,1024,tensor_batched,policy_readout,3,10.0,0.00868351326789707,0.0018479042867693065,0.000868351326789707,0.00018479042867693062,6.624701099316873,6.637612599809464
toy4,cpu,1024,tensor_batched,post_local_readout,3,10.0,0.0026783867894361415,0.0004515135969345014,0.00026783867894361417,4.5151359693450143e-05,2.0521105532530632,2.0560788145838322
toy4,cpu,1024,tensor_batched,post_step_state_policy,3,10.0,0.00032140081748366356,2.974659073182986e-05,3.214008174836636e-05,2.9746590731829864e-06,0.24977787241701463,0.2502492427464483
toy4,cpu,1024,tensor_batched,sample_actions,3,10.0,1.0709549921254316e-05,4.511664695553903e-07,1.0709549921254318e-06,4.5116646955539105e-08,0.00830329332822478,0.00831903365503858
toy4,cpu,1024,tensor_batched,sample_revision_mask,3,10.0,0.0002523560154562195,6.341811360825336e-05,2.523560154562195e-05,6.341811360825337e-06,0.19199777174483568,0.19237395602505492
toy4,cpu,1024,tensor_batched,select_peers,3,10.0,0.0006276956216121713,3.308851900586336e-05,6.276956216121714e-05,3.3088519005863363e-06,0.4869236531549115,0.4878457725429168
toy4,cpu,1024,tensor_batched,social_adam_update,3,10.0,0.013917256379500031,0.00037606871651347905,0.0013917256379500033,3.7606871651347874e-05,10.773741826729884,10.794233232530246
toy4,cpu,1024,tensor_batched,social_autograd_grad,3,10.0,0.00740592204965651,0.0004998039347530277,0.0007405922049656511,4.998039347530277e-05,5.734156454104642,5.745064251623437
toy4,cpu,1024,tensor_batched,social_distillation,3,10.0,0.03741730963035176,0.0017198460204675549,0.0037417309630351763,0.00017198460204675544,29.000364537459543,29.05541780933319
toy4,cpu,1024,tensor_batched,social_loss_forward,3,10.0,0.0036495531676337123,0.0008136135892462368,0.00036495531676337126,8.136135892462369e-05,2.8664797195440603,2.871797320922171
toy4,cpu,1024,tensor_batched,social_mix,3,10.0,0.003873943234793842,0.00015873084545487383,0.0003873943234793842,1.5873084545487383e-05,3.0049890243381543,3.0106843878272973
toy4,cpu,1024,tensor_batched,social_optimizer_update,3,10.0,0.02443544624838978,0.0009579813825846373,0.002443544624838978,9.579813825846367e-05,18.91316507417119,18.949152307436957
toy4,cpu,1024,tensor_batched,social_step,3,10.0,0.037539715645834804,0.0017215107020312854,0.0037539715645834803,0.00017215107020312863,29.095553282775995,29.150786091827253
toy4,cpu,1024,tensor_batched,steady_state_total,3,10.0,0.13005567962924638,0.01252034062375671,0.013005567962924638,0.0012520340623756719,100.0,100.19237395602505
toy4,cpu,1024,tensor_batched,update_payoff_ema,3,10.0,0.0002049129301061233,1.6078488301677607e-05,2.049129301061233e-05,1.607848830167761e-06,0.15775778545475336,0.158060642818274
toy4,cpu,1024,tensor_batched,update_reputation_ema,3,10.0,0.0001584571631004413,1.1012968901280163e-05,1.584571631004413e-05,1.1012968901280164e-06,0.1231062426128227,0.12333876707249153
toy4,cpu,2048,tensor_batched,build_observations,3,10.0,0.008359920233488083,0.000651231166941154,0.0008359920233488083,6.512311669411537e-05,4.621904729405006,4.632149863583123
toy4,cpu,2048,tensor_batched,build_step_context,3,10.0,0.00010922776224712531,8.225301283330866e-06,1.0922776224712531e-05,8.225301283330864e-07,0.06033798149387573,0.060472579950845394
toy4,cpu,2048,tensor_batched,cache_refresh,3,10.0,3.230047877877951e-05,4.417905253853403e-06,3.2300478778779504e-06,4.4179052538534026e-07,0.017824426137390128,0.0178643643304236
toy4,cpu,2048,tensor_batched,commit_actions,3,10.0,4.7553835126260914e-05,7.986669909760229e-06,4.755383512626091e-06,7.986669909760227e-07,0.02624317562618061,0.026301599369190187
toy4,cpu,2048,tensor_batched,decision_selection,3,10.0,0.019388831569813192,0.0025642444643607775,0.0019388831569813192,0.0002564244464360778,10.708695716124103,10.732713499866783
toy4,cpu,2048,tensor_batched,finalize_hook_step,3,10.0,0.00010103569366037846,9.169346085753636e-06,1.0103569366037846e-05,9.169346085753633e-07,0.05586592754382471,0.05598961864354652
toy4,cpu,2048,tensor_batched,hooked_step_total,3,10.0,0.18046813694915423,0.004624530754180423,0.018046813694915422,0.00046245307541804137,99.77806466586519,100.0
toy4,cpu,2048,tensor_batched,local_adam_update,3,10.0,0.0316650866686056,0.0006385339667388224,0.0031665086668605604,6.385339667388233e-05,17.520331444780624,17.559226372860962
toy4,cpu,2048,tensor_batched,local_autograd_grad,3,10.0,0.013536861011137566,0.0001302584489361002,0.0013536861011137567,1.3025844893610078e-05,7.486795738571615,7.503425338483878
toy4,cpu,2048,tensor_batched,local_loss_forward,3,10.0,0.011160261424568793,0.0008553987028657002,0.0011160261424568794,8.553987028657006e-05,6.171295511301636,6.184965275066705
toy4,cpu,2048,tensor_batched,local_loss_update,3,10.0,0.05761349538806826,0.0005712846243131036,0.005761349538806825,5.712846243131045e-05,31.869640736743367,31.94038111188866
toy4,cpu,2048,tensor_batched,local_optimizer_update,3,10.0,0.046285507075178124,0.0004875064825048576,0.004628550707517813,4.8750648250485645e-05,25.605797338314364,25.662660396476905
toy4,cpu,2048,tensor_batched,local_step,3,10.0,0.11673667995880048,0.003327082549949149,0.011673667995880049,0.00033270825499491453,64.53868010095812,64.68225531146989
toy4,cpu,2048,tensor_batched,local_trainable_parameters,3,10.0,0.005318444765483339,0.0005737203188385792,0.000531844476548334,5.73720318838579e-05,2.9390271440758617,2.9455450760172766
toy4,cpu,2048,tensor_batched,local_training,3,10.0,0.06342608027625829,0.0009981415366695874,0.006342608027625829,9.98141536669584e-05,35.0814660401307,35.15933718723864
toy4,cpu,2048,tensor_batched,mobility_swaps,3,10.0,0.0002484122524037957,1.5396920333451213e-05,2.4841225240379572e-05,1.539692033345122e-06,0.1373445098803952,0.13764915172398992
toy4,cpu,2048,tensor_batched,policy_readout,3,10.0,0.013514262080813447,0.0008147265338982859,0.0013514262080813449,8.147265338982859e-05,7.474641101200636,7.491197895290601
toy4,cpu,2048,tensor_batched,post_local_readout,3,10.0,0.004339518607594073,0.000722183515382266,0.0004339518607594073,7.221835153822658e-05,2.3936643810915315,2.3990416903197502
toy4,cpu,2048,tensor_batched,post_step_state_policy,3,10.0,0.00032489432487636805,3.3549054712676135e-05,3.248943248763681e-05,3.354905471267613e-06,0.1794490976942955,0.1798483428576911
toy4,cpu,2048,tensor_batched,sample_actions,3,10.0,1.0287039913237095e-05,9.445578439168908e-07,1.0287039913237095e-06,9.44557843916891e-08,0.005681594333311053,0.0056942541828596096
toy4,cpu,2048,tensor_batched,sample_revision_mask,3,10.0,0.0004019859867791335,5.248505531037894e-05,4.0198598677913346e-05,5.2485055310378925e-06,0.2219353341348135,0.22243307140777072
toy4,cpu,2048,tensor_batched,select_peers,3,10.0,0.0006801699831460913,1.9341492646999343e-05,6.801699831460914e-05,1.934149264699934e-06,0.3764055948392094,0.3772400556382296
toy4,cpu,2048,tensor_batched,social_adam_update,3,10.0,0.02110015833750367,0.0005498083269358229,0.002110015833750367,5.498083269358225e-05,11.671797336839491,11.697749973919557
toy4,cpu,2048,tensor_batched,social_autograd_grad,3,10.0,0.00931288096277664,0.00010969313934861196,0.0009312880962776641,1.0969313934861228e-05,5.15212288456577,5.163556245456153
toy4,cpu,2048,tensor_batched,social_distillation,3,10.0,0.05397496372461319,0.0009626584870058183,0.0053974963724613195,9.626584870058202e-05,29.846153154402472,29.912520998574156
toy4,cpu,2048,tensor_batched,social_loss_forward,3,10.0,0.004728784745869537,0.00010522201565411547,0.0004728784745869537,1.0522201565411543e-05,2.6147357926829478,2.620552763657384
toy4,cpu,2048,tensor_batched,social_mix,3,10.0,0.005342068655105929,0.0004199815200714165,0.0005342068655105928,4.199815200714162e-05,2.9527546097291584,2.959306604707096
toy4,cpu,2048,tensor_batched,social_optimizer_update,3,10.0,0.03591074130963534,0.0005983902330183843,0.0035910741309635344,5.9839023301838385e-05,19.858796747277882,19.90296003632203
toy4,cpu,2048,tensor_batched,social_step,3,10.0,0.054104379029013216,0.0009573328666440997,0.005410437902901323,9.573328666440997e-05,29.917784155861142,29.98431059282193
toy4,cpu,2048,tensor_batched,steady_state_total,3,10.0,0.18087012293593338,0.004667403627785594,0.01808701229359334,0.00046674036277855936,100.0,100.22243307140776
toy4,cpu,2048,tensor_batched,update_payoff_ema,3,10.0,0.0003556382531921069,6.059895535440019e-05,3.556382531921069e-05,6.059895535440021e-06,0.19622809186318246,0.19666945945110537
toy4,cpu,2048,tensor_batched,update_reputation_ema,3,10.0,0.00022859064241250357,1.1561054539538455e-05,2.2859064241250356e-05,1.1561054539538453e-06,0.12632938860312137,0.12661073890559932
toy4,cuda,1024,tensor_batched,build_observations,3,10.0,0.006920594954863191,0.001205052122577792,0.000692059495486319,0.00012050521225777921,4.605211819118527,4.619934921521267
toy4,cuda,1024,tensor_batched,build_step_context,3,10.0,0.00013998635889341435,1.0657491141451339e-05,1.3998635889341432e-05,1.0657491141451339e-06,0.09455561257043484,0.09485709721996254
toy4,cuda,1024,tensor_batched,cache_refresh,3,10.0,8.668455605705579e-05,1.6322270794742202e-06,8.66845560570558e-06,1.632227079474222e-07,0.0606539639129361,0.06084872461697414
toy4,cuda,1024,tensor_batched,commit_actions,3,10.0,9.638265085717042e-05,1.6909993010180211e-06,9.638265085717042e-06,1.6909993010180207e-07,0.06651661295912456,0.06672918299767451
toy4,cuda,1024,tensor_batched,decision_selection,3,10.0,0.01021800508412222,0.0006739352285296667,0.001021800508412222,6.739352285296672e-05,6.971687386578012,6.993988806592515
toy4,cuda,1024,tensor_batched,finalize_hook_step,3,10.0,0.000172001076862216,1.4334204603017732e-05,1.72001076862216e-05,1.4334204603017726e-06,0.12040262352360277,0.12078712721506363
toy4,cuda,1024,tensor_batched,hooked_step_total,3,10.0,0.26822989674595493,0.28424331135583514,0.026822989674595496,0.028424331135583517,99.75141192521106,100.0
toy4,cuda,1024,tensor_batched,local_adam_update,3,10.0,0.07675370170424382,0.11565845339824762,0.007675370170424381,0.011565845339824762,18.105773523015145,18.135004523329357
toy4,cuda,1024,tensor_batched,local_autograd_grad,3,10.0,0.017282567646664877,0.013099280169409906,0.001728256764666488,0.0013099280169409904,8.010706795170544,8.032945349779515
toy4,cuda,1024,tensor_batched,local_loss_forward,3,10.0,0.04953839866599689,0.07460059869823422,0.0049538398665996885,0.007460059869823422,11.70513837006448,11.724118957899167
toy4,cuda,1024,tensor_batched,local_loss_update,3,10.0,0.14521293679717928,0.2034914697068626,0.014521293679717927,0.02034914697068626,38.903802609393374,38.97766810360333
toy4,cuda,1024,tensor_batched,local_optimizer_update,3,10.0,0.09534196831130733,0.12887222983932572,0.009534196831130734,0.012887222983932573,26.97458421161271,27.02875770915428
toy4,cuda,1024,tensor_batched,local_step,3,10.0,0.18168939560807,0.20644994163132507,0.018168939560807,0.020644994163132507,63.39829587873762,63.550400725668105
toy4,cuda,1024,tensor_batched,local_trainable_parameters,3,10.0,0.0011056316240380208,7.275216413667777e-05,0.00011056316240380208,7.275216413667774e-06,0.7620912967581964,0.7645373950595947
toy4,cuda,1024,tensor_batched,local_training,3,10.0,0.14680142044865838,0.2035365761328859,0.014680142044865835,0.020353657613288587,39.994738908542324,40.07210145040025
toy4,cuda,1024,tensor_batched,mobility_swaps,3,10.0,0.0002736990572884679,1.1036229604129836e-05,2.7369905728846786e-05,1.1036229604129842e-06,0.19039483909840035,0.191003423139411
toy4,cuda,1024,tensor_batched,policy_readout,3,10.0,0.00864494297032555,0.002299609633165859,0.0008644942970325549,0.0002299609633165859,5.726436660691802,5.744841775165312
toy4,cuda,1024,tensor_batched,post_local_readout,3,10.0,0.002128969024245938,0.00026247776047716735,0.00021289690242459378,2.6247776047716734e-05,1.4033651056355596,1.4077841966536448
toy4,cuda,1024,tensor_batched,post_step_state_policy,3,10.0,0.00034434480282167595,4.0624892382322635e-05,3.4434480282167595e-05,4.062489238232264e-06,0.24138288603868704,0.2421523487480521
toy4,cuda,1024,tensor_batched,sample_actions,3,10.0,7.264731296648581e-05,6.209440673147138e-06,7.2647312966485826e-06,6.209440673147136e-07,0.0517050899708168,0.05187242008586219
toy4,cuda,1024,tensor_batched,sample_revision_mask,3,10.0,0.0003644998262946804,2.1050985294160842e-05,3.6449982629468045e-05,2.1050985294160846e-06,0.24858807478894648,0.24938257935718244
toy4,cuda,1024,tensor_batched,select_peers,3,10.0,0.0016370426941042144,0.0005186928817652198,0.00016370426941042147,5.186928817652198e-05,0.9790139875444547,0.9820126627381316
toy4,cuda,1024,tensor_batched,social_adam_update,3,10.0,0.0072895562431464596,0.00034706549006305266,0.0007289556243146459,3.4706549006305284e-05,4.975429908406246,4.991265729094308
toy4,cuda,1024,tensor_batched,social_autograd_grad,3,10.0,0.0044010003718237085,0.0007451712080200315,0.00044010003718237086,7.451712080200317e-05,3.09945143504196,3.109312958384153
toy4,cuda,1024,tensor_batched,social_distillation,3,10.0,0.04532993619795889,0.02690415352893303,0.004532993619795888,0.002690415352893303,23.306827223791576,23.374272311343834
toy4,cuda,1024,tensor_batched,social_loss_forward,3,10.0,0.0025114613818004727,0.00015018153669310382,0.00025114613818004726,1.5018153669310394e-05,1.704913373853773,1.7103304625746647
toy4,cuda,1024,tensor_batched,social_mix,3,10.0,0.022792738241453964,0.026920799915628485,0.0022792738241453965,0.0026920799915628483,7.622667723212751,7.64018892943598
toy4,cuda,1024,tensor_batched,social_optimizer_update,3,10.0,0.015186162238630155,0.001671393958878496,0.0015186162238630156,0.00016713939588784962,10.611375536504115,10.64518712101252
toy4,cuda,1024,tensor_batched,social_step,3,10.0,0.04558055331775298,0.026903693713167583,0.004558055331775297,0.0026903693713167583,23.481495767355625,23.549498201201143
toy4,cuda,1024,tensor_batched,steady_state_total,3,10.0,0.26859439657224965,0.28425900996605524,0.026859439657224964,0.02842590099660552,100.0,100.24938257935719
toy4,cuda,1024,tensor_batched,update_payoff_ema,3,10.0,0.0002417409559711814,2.8523969611479626e-05,2.417409559711814e-05,2.8523969611479617e-06,0.16863023300271518,0.16916701630794972
toy4,cuda,1024,tensor_batched,update_reputation_ema,3,10.0,0.00019353709649294615,7.268723138760956e-06,1.9353709649294615e-05,7.268723138760953e-07,0.13362858325646282,0.13405500046139732
toy4,cuda,2048,tensor_batched,build_observations,3,10.0,0.012028528260998428,0.0021987802838026064,0.0012028528260998427,0.0002198780283802606,9.03327358970855,9.065278197482211
toy4,cuda,2048,tensor_batched,build_step_context,3,10.0,0.00014716631267219782,1.5131058288707141e-05,1.4716631267219783e-05,1.513105828870714e-06,0.11102631687787094,0.11142037042671649
toy4,cuda,2048,tensor_batched,cache_refresh,3,10.0,9.364875343938668e-05,4.3907954434996385e-06,9.364875343938669e-06,4.3907954434996413e-07,0.07076967435163294,0.07102019724935149
toy4,cuda,2048,tensor_batched,commit_actions,3,10.0,9.728556809326012e-05,3.0449728513256917e-06,9.728556809326013e-06,3.0449728513256897e-07,0.07373321529112709,0.07399425811746857
toy4,cuda,2048,tensor_batched,decision_selection,3,10.0,0.02025306539144367,0.003538759866804646,0.002025306539144367,0.0003538759866804645,15.197116115895255,15.250540369182266
toy4,cuda,2048,tensor_batched,finalize_hook_step,3,10.0,0.0001750432032470902,1.22768756668086e-05,1.750432032470902e-05,1.2276875666808609e-06,0.13217964937642876,0.13264801658937178
toy4,cuda,2048,tensor_batched,hooked_step_total,3,10.0,0.13215857821827134,0.010137624611873395,0.013215857821827133,0.0010137624611873397,99.648797439419,100.0
toy4,cuda,2048,tensor_batched,local_adam_update,3,10.0,0.009830378810875118,0.0007674074387073548,0.0009830378810875117,7.674074387073552e-05,7.437825504602809,7.4642672735352456
toy4,cuda,2048,tensor_batched,local_autograd_grad,3,10.0,0.010075657279230654,0.001206513293279595,0.0010075657279230656,0.00012065132932795954,7.5967988811245455,7.623777647502403
toy4,cuda,2048,tensor_batched,local_loss_forward,3,10.0,0.007495448342524469,0.0012196336527555088,0.000749544834252447,0.0001219633652755509,5.636742993328384,5.656739882298695
toy4,cuda,2048,tensor_batched,local_loss_update,3,10.0,0.0291425254351149,0.003045235956837119,0.00291425254351149,0.00030452359568371184,21.991503003570866,22.06960557462449
toy4,cuda,2048,tensor_batched,local_optimizer_update,3,10.0,0.021303751622326672,0.001930575760922145,0.0021303751622326673,0.0001930575760922145,16.094801606463204,16.151990587881887
toy4,cuda,2048,tensor_batched,local_step,3,10.0,0.08799192996229976,0.011584850319230885,0.008799192996229976,0.0011584850319230889,66.17771377883973,66.41118996436349
toy4,cuda,2048,tensor_batched,local_trainable_parameters,3,10.0,0.001440162615229686,0.00048385348226429275,0.0001440162615229686,4.838534822642928e-05,1.0724384447044115,1.076212485278887
toy4,cuda,2048,tensor_batched,local_training,3,10.0,0.03123902203515172,0.00351807248909547,0.0031239022035151717,0.0003518072489095469,23.556555294057393,23.640170614191074
toy4,cuda,2048,tensor_batched,mobility_swaps,3,10.0,0.0002966504155968626,5.0609952835439364e-05,2.9665041559686266e-05,5.060995283543937e-06,0.22266285054724752,0.22344722872269748
toy4,cuda,2048,tensor_batched,policy_readout,3,10.0,0.010618485393933952,0.002007124885341734,0.0010618485393933952,0.0002007124885341734,7.962219992217257,7.990220716618716
toy4,cuda,2048,tensor_batched,post_local_readout,3,10.0,0.002413929672911763,0.000783143736583229,0.00024139296729117632,7.831437365832292e-05,1.8459684070327906,1.8524025260926376
toy4,cuda,2048,tensor_batched,post_step_state_policy,3,10.0,0.00039438608412941295,4.268334393514355e-05,3.9438608412941295e-05,4.268334393514353e-06,0.2989039630634535,0.2999519819787589
toy4,cuda,2048,tensor_batched,sample_actions,3,10.0,7.156076996276776e-05,2.4434525055675485e-06,7.1560769962767764e-06,2.4434525055675467e-07,0.05419134759559699,0.05438339223573243
toy4,cuda,2048,tensor_batched,sample_revision_mask,3,10.0,0.0004645096293340127,5.4148027334254974e-05,4.6450962933401274e-05,5.4148027334254976e-06,0.3512025605810038,0.35245428348494395
toy4,cuda,2048,tensor_batched,select_peers,3,10.0,0.001677875795091192,0.000591543987482004,0.00016778757950911918,5.9154398748200396e-05,1.2838791383273576,1.2883462572084925
toy4,cuda,2048,tensor_batched,social_adam_update,3,10.0,0.0076218053776149946,0.00039399694776203137,0.0007621805377614994,3.939969477620311e-05,5.777748946934114,5.798116053368838
toy4,cuda,2048,tensor_batched,social_autograd_grad,3,10.0,0.0039901283259193105,0.00014153040525349622,0.000399012832591931,1.415304052534962e-05,3.0148658958498546,3.0255145804786014
toy4,cuda,2048,tensor_batched,social_distillation,3,10.0,0.03065185136316965,0.002079022957790636,0.003065185136316965,0.00020790229577906367,23.240541662651754,23.322364918956485
toy4,cuda,2048,tensor_batched,social_loss_forward,3,10.0,0.0024147420190274715,0.0002597339930130329,0.00024147420190274714,2.597339930130329e-05,1.8353474745599065,1.8418151391926623
toy4,cuda,2048,tensor_batched,social_mix,3,10.0,0.005987846564191083,0.0005498310478670921,0.0005987846564191083,5.498310478670923e-05,4.545817380611683,4.561821166991894
toy4,cuda,2048,tensor_batched,social_optimizer_update,3,10.0,0.01676365783593307,0.0003074010469030306,0.0016763657835933068,3.074010469030306e-05,12.689684308965381,12.734459127244397
toy4,cuda,2048,tensor_batched,social_step,3,10.0,0.030890753065856796,0.002081546940904872,0.0030890753065856793,0.0002081546940904872,23.421415019401227,23.503877047869263
toy4,cuda,2048,tensor_batched,steady_state_total,3,10.0,0.13262308784760535,0.010146108543171944,0.013262308784760535,0.001014610854317195,100.0,100.35245428348496
toy4,cuda,2048,tensor_batched,update_payoff_ema,3,10.0,0.0004441840186094244,3.874717940967908e-05,4.4418401860942445e-05,3.874717940967907e-06,0.33545849498122376,0.3366348896564746
toy4,cuda,2048,tensor_batched,update_reputation_ema,3,10.0,0.0002964460679019491,2.1176315320518226e-05,2.9644606790194906e-05,2.1176315320518214e-06,0.22363829761678813,0.22442515508071548
