label,initial_active_fraction,initial_failed_fraction,base_activation_rate,peer_activation_rate,failure_rate,overload_failure_rate,recovery_rate,max_time,graph_k,graph_rewire_probability,coordination_mixer,coordination_peer_rule,alpha,coordination_threshold,seeds,final_time_mean,final_active_fraction_mean,final_active_fraction_std,final_failed_fraction_mean,total_events_mean,activation_events_mean,failure_events_mean,recovery_events_mean,absorbed_rate,final_fragmentation_components_mean
toy8_async_sensitivity_seeds01_05,0.1,0.0,0.02,0.15,0.03,0.04,0.01,50.0,4,0.1,output_average,output_similarity,0.0,0.0,5,4.984252628021725,0.242,0.046043457732885346,0.054000000000000006,25.0,19.6,5.4,0.0,0.0,1.0
toy8_async_sensitivity_seeds01_05,0.1,0.0,0.02,0.15,0.03,0.04,0.01,50.0,4,0.1,output_average,output_similarity,0.25,0.0,5,5.1218531809060455,0.242,0.03898717737923585,0.054000000000000006,25.0,19.6,5.4,0.0,0.0,1.0
toy8_async_sensitivity_seeds01_05,0.1,0.0,0.02,0.15,0.03,0.04,0.01,50.0,4,0.1,output_average,output_similarity,0.5,0.0,5,5.089390535648419,0.25,0.04898979485566356,0.05,25.0,20.0,5.0,0.0,0.0,1.0
toy8_async_sensitivity_seeds01_05,0.1,0.0,0.02,0.15,0.03,0.04,0.05,50.0,4,0.1,output_average,output_similarity,0.0,0.0,5,4.975958927255026,0.24,0.04999999999999999,0.052000000000000005,25.0,19.4,5.4,0.2,0.0,1.0
toy8_async_sensitivity_seeds01_05,0.1,0.0,0.02,0.15,0.03,0.04,0.05,50.0,4,0.1,output_average,output_similarity,0.25,0.0,5,5.125995205188896,0.24,0.04242640687119285,0.052000000000000005,25.0,19.4,5.4,0.2,0.0,1.0
toy8_async_sensitivity_seeds01_05,0.1,0.0,0.02,0.15,0.03,0.04,0.05,50.0,4,0.1,output_average,output_similarity,0.5,0.0,5,5.103527539366096,0.248,0.052153619241621194,0.048,25.0,19.8,5.0,0.2,0.0,1.0
toy8_async_sensitivity_seeds01_05,0.1,0.0,0.02,0.15,0.03,0.08,0.01,50.0,4,0.1,output_average,output_similarity,0.0,0.0,5,4.79449047365227,0.238,0.043817804600413277,0.05600000000000001,25.0,19.4,5.6,0.0,0.0,1.0
toy8_async_sensitivity_seeds01_05,0.1,0.0,0.02,0.15,0.03,0.08,0.01,50.0,4,0.1,output_average,output_similarity,0.25,0.0,5,4.9917570007932515,0.238,0.04604345773288534,0.05600000000000001,25.0,19.4,5.6,0.0,0.0,1.0
toy8_async_sensitivity_seeds01_05,0.1,0.0,0.02,0.15,0.03,0.08,0.01,50.0,4,0.1,output_average,output_similarity,0.5,0.0,5,4.953558215527031,0.246,0.045607017003965515,0.052000000000000005,25.0,19.8,5.2,0.0,0.0,1.0
toy8_async_sensitivity_seeds01_05,0.1,0.0,0.02,0.15,0.03,0.08,0.05,50.0,4,0.1,output_average,output_similarity,0.0,0.0,5,4.786196772885572,0.236,0.047749345545253286,0.054000000000000006,25.0,19.2,5.6,0.2,0.0,1.0
toy8_async_sensitivity_seeds01_05,0.1,0.0,0.02,0.15,0.03,0.08,0.05,50.0,4,0.1,output_average,output_similarity,0.25,0.0,5,4.995899025076103,0.23600000000000004,0.04979959839195493,0.054000000000000006,25.0,19.2,5.6,0.2,0.0,1.0
toy8_async_sensitivity_seeds01_05,0.1,0.0,0.02,0.15,0.03,0.08,0.05,50.0,4,0.1,output_average,output_similarity,0.5,0.0,5,4.967695219244709,0.244,0.04878524367060187,0.05,25.0,19.6,5.2,0.2,0.0,1.0
toy8_async_sensitivity_seeds01_05,0.1,0.0,0.02,0.3,0.03,0.04,0.01,50.0,4,0.1,output_average,output_similarity,0.0,0.0,5,3.5638610743960677,0.266,0.04560701700396553,0.042,25.0,20.8,4.2,0.0,0.0,1.0
toy8_async_sensitivity_seeds01_05,0.1,0.0,0.02,0.3,0.03,0.04,0.01,50.0,4,0.1,output_average,output_similarity,0.25,0.0,5,3.574780858345455,0.258,0.0438178046004133,0.046,25.0,20.4,4.6,0.0,0.0,1.0
toy8_async_sensitivity_seeds01_05,0.1,0.0,0.02,0.3,0.03,0.04,0.01,50.0,4,0.1,output_average,output_similarity,0.5,0.0,5,3.601452889611268,0.262,0.046043457732885366,0.044000000000000004,25.0,20.6,4.4,0.0,0.0,1.0
toy8_async_sensitivity_seeds01_05,0.1,0.0,0.02,0.3,0.03,0.04,0.05,50.0,4,0.1,output_average,output_similarity,0.0,0.0,5,3.551946407839844,0.264,0.04979959839195494,0.04,25.0,20.6,4.2,0.2,0.0,1.0
toy8_async_sensitivity_seeds01_05,0.1,0.0,0.02,0.3,0.03,0.04,0.05,50.0,4,0.1,output_average,output_similarity,0.25,0.0,5,3.576992179804532,0.256,0.047749345545253306,0.044000000000000004,25.0,20.2,4.6,0.2,0.0,1.0
toy8_async_sensitivity_seeds01_05,0.1,0.0,0.02,0.3,0.03,0.04,0.05,50.0,4,0.1,output_average,output_similarity,0.5,0.0,5,3.612672806923571,0.26,0.05000000000000002,0.042,25.0,20.4,4.4,0.2,0.0,1.0
toy8_async_sensitivity_seeds01_05,0.1,0.0,0.02,0.3,0.03,0.08,0.01,50.0,4,0.1,output_average,output_similarity,0.0,0.0,5,3.426770352308634,0.262,0.04381780460041331,0.044000000000000004,25.0,20.6,4.4,0.0,0.0,1.0
toy8_async_sensitivity_seeds01_05,0.1,0.0,0.02,0.3,0.03,0.08,0.01,50.0,4,0.1,output_average,output_similarity,0.25,0.0,5,3.440474593861095,0.254,0.04335896677735761,0.048,25.0,20.2,4.8,0.0,0.0,1.0
toy8_async_sensitivity_seeds01_05,0.1,0.0,0.02,0.3,0.03,0.08,0.01,50.0,4,0.1,output_average,output_similarity,0.5,0.0,5,3.5182827222979376,0.262,0.046043457732885366,0.044000000000000004,25.0,20.6,4.4,0.0,0.0,1.0
toy8_async_sensitivity_seeds01_05,0.1,0.0,0.02,0.3,0.03,0.08,0.05,50.0,4,0.1,output_average,output_similarity,0.0,0.0,5,3.4148556857524106,0.26,0.04795831523312721,0.042,25.0,20.4,4.4,0.2,0.0,1.0
toy8_async_sensitivity_seeds01_05,0.1,0.0,0.02,0.3,0.03,0.08,0.05,50.0,4,0.1,output_average,output_similarity,0.25,0.0,5,3.4426859153201717,0.252,0.04711687595755901,0.046,25.0,20.0,4.8,0.2,0.0,1.0
toy8_async_sensitivity_seeds01_05,0.1,0.0,0.02,0.3,0.03,0.08,0.05,50.0,4,0.1,output_average,output_similarity,0.5,0.0,5,3.5295026396102407,0.26,0.05000000000000002,0.042,25.0,20.4,4.4,0.2,0.0,1.0
toy8_async_sensitivity_seeds01_05,0.25,0.0,0.02,0.15,0.03,0.04,0.01,50.0,4,0.1,output_average,output_similarity,0.0,0.0,5,4.267063897403234,0.378,0.03193743884534263,0.05800000000000001,25.0,18.8,6.0,0.2,0.0,1.0
toy8_async_sensitivity_seeds01_05,0.25,0.0,0.02,0.15,0.03,0.04,0.01,50.0,4,0.1,output_average,output_similarity,0.25,0.0,5,4.360460310034239,0.374,0.026076809620810614,0.06000000000000001,25.0,18.6,6.2,0.2,0.0,1.0
toy8_async_sensitivity_seeds01_05,0.25,0.0,0.02,0.15,0.03,0.04,0.01,50.0,4,0.1,output_average,output_similarity,0.5,0.0,5,4.495453167614608,0.37,0.022360679774997894,0.062,25.0,18.4,6.4,0.2,0.0,1.0
toy8_async_sensitivity_seeds01_05,0.25,0.0,0.02,0.15,0.03,0.04,0.05,50.0,4,0.1,output_average,output_similarity,0.0,0.0,5,4.189601276602966,0.374,0.027018512172212593,0.054000000000000006,25.0,18.4,6.0,0.6,0.0,1.0
toy8_async_sensitivity_seeds01_05,0.25,0.0,0.02,0.15,0.03,0.04,0.05,50.0,4,0.1,output_average,output_similarity,0.25,0.0,5,4.253063238978234,0.37,0.02121320343559644,0.05600000000000001,25.0,18.2,6.2,0.6,0.0,1.0
toy8_async_sensitivity_seeds01_05,0.25,0.0,0.02,0.15,0.03,0.04,0.05,50.0,4,0.1,output_average,output_similarity,0.5,0.0,5,4.331264893240273,0.366,0.020736441353327716,0.057999999999999996,25.0,18.0,6.4,0.6,0.0,1.0
toy8_async_sensitivity_seeds01_05,0.25,0.0,0.02,0.15,0.03,0.08,0.01,50.0,4,0.1,output_average,output_similarity,0.0,0.0,5,4.134727809057425,0.366,0.026076809620810572,0.064,25.0,18.2,6.6,0.2,0.0,1.0
toy8_async_sensitivity_seeds01_05,0.25,0.0,0.02,0.15,0.03,0.08,0.01,50.0,4,0.1,output_average,output_similarity,0.25,0.0,5,4.233015333317845,0.362,0.03193743884534264,0.066,25.0,18.0,6.8,0.2,0.0,1.0
toy8_async_sensitivity_seeds01_05,0.25,0.0,0.02,0.15,0.03,0.08,0.01,50.0,4,0.1,output_average,output_similarity,0.5,0.0,5,4.243636338607413,0.358,0.030331501776206218,0.068,25.0,17.8,7.0,0.2,0.0,1.0
toy8_async_sensitivity_seeds01_05,0.25,0.0,0.02,0.15,0.03,0.08,0.05,50.0,4,0.1,output_average,output_similarity,0.0,0.0,5,3.9810745001131744,0.36,0.024494897427831765,0.05800000000000001,25.0,17.6,6.6,0.8,0.0,1.0
toy8_async_sensitivity_seeds01_05,0.25,0.0,0.02,0.15,0.03,0.08,0.05,50.0,4,0.1,output_average,output_similarity,0.25,0.0,5,4.0437578431314325,0.356,0.02966479394838263,0.06,25.0,17.4,6.8,0.8,0.0,1.0
toy8_async_sensitivity_seeds01_05,0.25,0.0,0.02,0.15,0.03,0.08,0.05,50.0,4,0.1,output_average,output_similarity,0.5,0.0,5,4.079448064233079,0.354,0.027018512172212603,0.064,25.0,17.4,7.0,0.6,0.0,1.0
toy8_async_sensitivity_seeds01_05,0.25,0.0,0.02,0.3,0.03,0.04,0.01,50.0,4,0.1,output_average,output_similarity,0.0,0.0,5,2.7538752761915406,0.41600000000000004,0.032863353450309954,0.041999999999999996,25.0,20.8,4.2,0.0,0.0,1.0
toy8_async_sensitivity_seeds01_05,0.25,0.0,0.02,0.3,0.03,0.04,0.01,50.0,4,0.1,output_average,output_similarity,0.25,0.0,5,2.8570068241731152,0.398,0.020493901531919174,0.048,25.0,19.8,5.0,0.2,0.0,1.0
toy8_async_sensitivity_seeds01_05,0.25,0.0,0.02,0.3,0.03,0.04,0.01,50.0,4,0.1,output_average,output_similarity,0.5,0.0,5,2.9251937002344977,0.406,0.03435112807463533,0.044,25.0,20.2,4.6,0.2,0.0,1.0
toy8_async_sensitivity_seeds01_05,0.25,0.0,0.02,0.3,0.03,0.04,0.05,50.0,4,0.1,output_average,output_similarity,0.0,0.0,5,2.7492331224356397,0.414,0.031304951684997036,0.039999999999999994,25.0,20.6,4.2,0.2,0.0,1.0
toy8_async_sensitivity_seeds01_05,0.25,0.0,0.02,0.3,0.03,0.04,0.05,50.0,4,0.1,output_average,output_similarity,0.25,0.0,5,2.839442000233514,0.396,0.018165902124584927,0.046,25.0,19.6,5.0,0.4,0.0,1.0
toy8_async_sensitivity_seeds01_05,0.25,0.0,0.02,0.3,0.03,0.04,0.05,50.0,4,0.1,output_average,output_similarity,0.5,0.0,5,2.903127398041612,0.404,0.0304959013639538,0.041999999999999996,25.0,20.0,4.6,0.4,0.0,1.0
toy8_async_sensitivity_seeds01_05,0.25,0.0,0.02,0.3,0.03,0.08,0.01,50.0,4,0.1,output_average,output_similarity,0.0,0.0,5,2.699962332765348,0.4,0.031622776601683784,0.05,25.0,20.0,5.0,0.0,0.0,1.0
toy8_async_sensitivity_seeds01_05,0.25,0.0,0.02,0.3,0.03,0.08,0.01,50.0,4,0.1,output_average,output_similarity,0.25,0.0,5,2.7921026249095418,0.386,0.024083189157584593,0.054000000000000006,25.0,19.2,5.6,0.2,0.0,1.0
toy8_async_sensitivity_seeds01_05,0.25,0.0,0.02,0.3,0.03,0.08,0.01,50.0,4,0.1,output_average,output_similarity,0.5,0.0,5,2.8189361484713547,0.382,0.030331501776206193,0.05600000000000001,25.0,19.0,5.8,0.2,0.0,1.0
toy8_async_sensitivity_seeds01_05,0.25,0.0,0.02,0.3,0.03,0.08,0.05,50.0,4,0.1,output_average,output_similarity,0.0,0.0,5,2.656352873481952,0.396,0.030495901363953838,0.046,25.0,19.6,5.0,0.4,0.0,1.0
toy8_async_sensitivity_seeds01_05,0.25,0.0,0.02,0.3,0.03,0.08,0.05,50.0,4,0.1,output_average,output_similarity,0.25,0.0,5,2.7176688448260498,0.38,0.019999999999999997,0.048,25.0,18.6,5.6,0.8,0.0,1.0
toy8_async_sensitivity_seeds01_05,0.25,0.0,0.02,0.3,0.03,0.08,0.05,50.0,4,0.1,output_average,output_similarity,0.5,0.0,5,2.7803013847412252,0.378,0.025884358211089552,0.052000000000000005,25.0,18.6,5.8,0.6,0.0,1.0
